000010.mp3,F# major
000141.mp3,F major
000153.mp3,C# major
000173.mp3,A major
000181.mp3,G major
000184.mp3,Bb major
000213.mp3,D major
000251.mp3,A major
000331.mp3,A minor
000347.mp3,A minor
000384.mp3,G# major
000411.mp3,G minor
000532.mp3,D# major
000533.mp3,G minor
000534.mp3,G# minor
000535.mp3,F# major
000536.mp3,E major
000538.mp3,G# major
000540.mp3,C# major
000542.mp3,G# minor
000546.mp3,G# major
000547.mp3,C# major
000549.mp3,D# major
000564.mp3,C minor
000565.mp3,E major
000566.mp3,C major
000567.mp3,B major
000569.mp3,F# minor
000570.mp3,A minor
000571.mp3,F# major
000572.mp3,E major
000573.mp3,G minor
000574.mp3,G# minor
000579.mp3,E minor
000580.mp3,A minor
000608.mp3,D minor
000610.mp3,Bb major
000611.mp3,C major
000612.mp3,E minor
000625.mp3,C major
000634.mp3,A minor
000670.mp3,C# minor
000671.mp3,C# minor
000678.mp3,Bb major
000679.mp3,Bb major
000692.mp3,A minor
000705.mp3,D major
000706.mp3,F minor
000708.mp3,G major
000805.mp3,B minor
000814.mp3,D minor
001007.mp3,D# major
001014.mp3,C minor
001015.mp3,F minor
001016.mp3,D minor
001017.mp3,F minor
001042.mp3,A minor
001044.mp3,D major
001045.mp3,D# major
001046.mp3,G minor
001049.mp3,C minor
001050.mp3,E minor
001073.mp3,C minor
001076.mp3,D# minor
001083.mp3,C minor
001085.mp3,D minor
001086.mp3,E minor
001088.mp3,B minor
001091.mp3,A minor
001116.mp3,D# major
001133.mp3,G minor
001156.mp3,E major
001157.mp3,B minor
001159.mp3,G major
001160.mp3,E minor
001161.mp3,E minor
001162.mp3,E major
001163.mp3,G major
001165.mp3,A minor
001167.mp3,C minor
001168.mp3,A minor
001170.mp3,C minor
001171.mp3,D major
001172.mp3,A major
001173.mp3,F# minor
001174.mp3,F# minor
001175.mp3,D minor
001177.mp3,C# minor
001179.mp3,D major
001181.mp3,D major
001182.mp3,G major
001183.mp3,E minor
001186.mp3,A minor
001187.mp3,A minor
001189.mp3,F# minor
001190.mp3,E minor
001191.mp3,F major
001192.mp3,C minor
001193.mp3,E major
001194.mp3,A minor
001198.mp3,D minor
001199.mp3,D major
001219.mp3,C major
001231.mp3,E major
001232.mp3,C# minor
001235.mp3,F# major
001275.mp3,E minor
001277.mp3,G# major
001354.mp3,B minor
001381.mp3,A minor
001417.mp3,E minor
001418.mp3,A minor
001419.mp3,E minor
001420.mp3,E minor
001450.mp3,D# major
001451.mp3,A minor
001474.mp3,B minor
001475.mp3,D# major
001476.mp3,G minor
001499.mp3,C major
001526.mp3,Bb minor
001529.mp3,C# minor
001530.mp3,C minor
001531.mp3,F# major
001534.mp3,E minor
001535.mp3,C major
001536.mp3,A minor
001540.mp3,A major
001541.mp3,F# minor
001542.mp3,A minor
001546.mp3,A major
001590.mp3,D major
001592.mp3,D minor
001593.mp3,C# minor
001595.mp3,B minor
001596.mp3,B minor
001599.mp3,E major
001601.mp3,C# minor
001603.mp3,D# minor
001604.mp3,E minor
001605.mp3,C minor
001610.mp3,E minor
001611.mp3,C major
001612.mp3,E major
001614.mp3,D major
001615.mp3,C major
001616.mp3,A major
001617.mp3,A major
001618.mp3,C major
001619.mp3,A major
001643.mp3,E major
001708.mp3,G major
001727.mp3,D minor
001841.mp3,C# major
001844.mp3,A minor
001886.mp3,E major
001887.mp3,C major
001892.mp3,E minor
001893.mp3,D minor
001894.mp3,A minor
001895.mp3,A minor
001896.mp3,D major
001898.mp3,C minor
001899.mp3,A minor
001900.mp3,A major
001901.mp3,C major
001913.mp3,D major
001914.mp3,C major
001920.mp3,G major
001923.mp3,G major
001940.mp3,E minor
001941.mp3,F minor
001942.mp3,F minor
001944.mp3,E minor
002070.mp3,Bb major
002099.mp3,G# major
002126.mp3,A major
002127.mp3,E minor
003429.mp3,D major
003465.mp3,A minor
003542.mp3,C major
003545.mp3,G# major
003581.mp3,E major
003612.mp3,Bb major
003619.mp3,Bb major
003694.mp3,F major
003700.mp3,C# minor
003702.mp3,E major
003741.mp3,D major
003853.mp3,D major
003863.mp3,F minor
003941.mp3,E major
003956.mp3,B minor
004195.mp3,F major
004198.mp3,Bb major
004203.mp3,G major
004206.mp3,C# major
004211.mp3,G major
004224.mp3,A minor
004345.mp3,G major
004350.mp3,D major
004400.mp3,A minor
004401.mp3,E major
004402.mp3,F# minor
004403.mp3,E minor
004684.mp3,D major
004686.mp3,G major
004717.mp3,C major
004776.mp3,A major
004798.mp3,D minor
004856.mp3,G major
004858.mp3,Bb major
004886.mp3,F major
004926.mp3,D major
004928.mp3,C major
004929.mp3,D major
004971.mp3,D major
004989.mp3,G minor
004994.mp3,B minor
005007.mp3,C# major
005012.mp3,C# major
005021.mp3,D major
005023.mp3,G major
005049.mp3,A major
005050.mp3,Bb major
005051.mp3,G# major
005052.mp3,C major
005054.mp3,F major
005055.mp3,F major
005056.mp3,G major
005058.mp3,G# minor
005059.mp3,C major
005060.mp3,G major
005061.mp3,C minor
005064.mp3,D minor
005078.mp3,E major
005095.mp3,C major
005153.mp3,D# major
005178.mp3,E major
005179.mp3,D major
005181.mp3,F major
005192.mp3,E major
005195.mp3,G major
005240.mp3,E major
005376.mp3,E minor
005562.mp3,A major
005566.mp3,A major
005601.mp3,G major
005619.mp3,G major
005990.mp3,C major
006460.mp3,B minor
006603.mp3,G minor
006607.mp3,G# minor
006669.mp3,C major
006670.mp3,C major
007011.mp3,E major
007012.mp3,E minor
007014.mp3,G major
007015.mp3,C major
007179.mp3,B minor
007202.mp3,G major
007390.mp3,E minor
007391.mp3,D major
007456.mp3,E major
007477.mp3,A major
007481.mp3,D# minor
007482.mp3,C# minor
007484.mp3,C minor
007487.mp3,B major
007488.mp3,F minor
007489.mp3,D# minor
007490.mp3,F minor
007492.mp3,A minor
007528.mp3,A minor
007529.mp3,G major
007713.mp3,Bb major
007827.mp3,F major
007893.mp3,C major
007896.mp3,A major
007898.mp3,A minor
007901.mp3,A major
007934.mp3,G minor
007995.mp3,E major
008017.mp3,E major
008283.mp3,E minor
008910.mp3,D# minor
008913.mp3,D# minor
008914.mp3,E major
008915.mp3,G# major
009485.mp3,C major
009486.mp3,A major
009487.mp3,F major
009488.mp3,F major
009489.mp3,D minor
009491.mp3,C minor
009494.mp3,C minor
009510.mp3,C# minor
009581.mp3,D# major
009583.mp3,G major
009587.mp3,B minor
009655.mp3,G major
009659.mp3,C major
009662.mp3,G# major
009663.mp3,D# major
009664.mp3,Bb major
009665.mp3,C major
009666.mp3,C major
009695.mp3,A minor
009699.mp3,C minor
009866.mp3,D major
009867.mp3,B minor
009904.mp3,F minor
009905.mp3,F major
009906.mp3,Bb major
009907.mp3,D# major
009913.mp3,D# major
009916.mp3,A major
009985.mp3,G major
009986.mp3,F major
009987.mp3,B minor
009988.mp3,E major
009989.mp3,B major
009990.mp3,E minor
009999.mp3,B minor
010000.mp3,F major
010001.mp3,B minor
010002.mp3,B minor
010003.mp3,G major
010060.mp3,E minor
010109.mp3,F minor
010190.mp3,D major
010194.mp3,D minor
010381.mp3,A minor
010382.mp3,D# minor
010383.mp3,E major
010388.mp3,C major
010408.mp3,E minor
010412.mp3,A minor
010415.mp3,D# major
010433.mp3,C major
010438.mp3,A major
010439.mp3,D major
010440.mp3,G minor
010441.mp3,D# major
010442.mp3,Bb minor
010443.mp3,C minor
010447.mp3,G minor
010518.mp3,E major
010575.mp3,E major
010604.mp3,G major
010941.mp3,A minor
010992.mp3,E minor
011019.mp3,G# minor
011135.mp3,F minor
011154.mp3,F minor
011156.mp3,F minor
011205.mp3,D minor
011304.mp3,D minor
011305.mp3,E minor
011306.mp3,D major
011307.mp3,E minor
011308.mp3,E major
011309.mp3,D minor
011310.mp3,A minor
011434.mp3,Bb minor
011436.mp3,E minor
011438.mp3,A major
011444.mp3,G minor
011472.mp3,F major
011477.mp3,G major
011623.mp3,F minor
011657.mp3,C major
011938.mp3,A minor
011940.mp3,E minor
011954.mp3,D# major
011956.mp3,G major
011960.mp3,G# major
011999.mp3,Bb minor
012000.mp3,F# major
012003.mp3,D minor
012008.mp3,B minor
012013.mp3,B minor
012014.mp3,E major
012018.mp3,C minor
012020.mp3,G minor
012021.mp3,B minor
012100.mp3,C major
012105.mp3,F minor
012131.mp3,A minor
012147.mp3,D minor
012176.mp3,A minor
012189.mp3,F minor
012191.mp3,D# major
012290.mp3,G# major
012389.mp3,A major
012390.mp3,Bb minor
012491.mp3,Bb major
012492.mp3,F major
012494.mp3,D minor
012496.mp3,G# minor
012497.mp3,D minor
012500.mp3,G minor
012501.mp3,F major
012502.mp3,C# minor
012503.mp3,A minor
012504.mp3,C minor
012507.mp3,Bb major
012556.mp3,G# major
012590.mp3,C major
012592.mp3,A minor
012650.mp3,B minor
012672.mp3,G major
012676.mp3,G minor
012851.mp3,F# minor
012855.mp3,F# major
012901.mp3,B major
012945.mp3,A major
012946.mp3,C major
012947.mp3,F major
012951.mp3,F minor
012953.mp3,Bb major
013079.mp3,F# major
013088.mp3,C major
013090.mp3,C# minor
013177.mp3,G# minor
013200.mp3,D minor
013217.mp3,G# major
013247.mp3,A minor
013249.mp3,A minor
013324.mp3,G# minor
013328.mp3,F minor
013362.mp3,E minor
013380.mp3,G minor
013459.mp3,D minor
013474.mp3,D minor
013569.mp3,E minor
013591.mp3,D minor
013597.mp3,E minor
013709.mp3,C minor
013765.mp3,G major
013776.mp3,G# minor
013912.mp3,G major
013914.mp3,E major
013927.mp3,E major
013938.mp3,C major
013939.mp3,F major
013967.mp3,C major
013976.mp3,A major
013980.mp3,E major
013998.mp3,A major
014006.mp3,D major
014007.mp3,D major
014010.mp3,F major
014012.mp3,A major
014014.mp3,E major
014016.mp3,E minor
014019.mp3,G major
014020.mp3,C major
014032.mp3,E major
014033.mp3,G major
014035.mp3,G# major
014039.mp3,A minor
014063.mp3,C major
014064.mp3,B major
014067.mp3,D# minor
014068.mp3,G# minor
014130.mp3,G minor
014131.mp3,C# major
014132.mp3,D major
014152.mp3,C minor
014191.mp3,C minor
014229.mp3,G minor
014240.mp3,E minor
014243.mp3,B minor
014244.mp3,A minor
014245.mp3,C major
014263.mp3,C major
014279.mp3,D minor
014281.mp3,D minor
014282.mp3,D major
014283.mp3,D major
014284.mp3,G# major
014286.mp3,D# major
014287.mp3,D minor
014288.mp3,D major
014289.mp3,G minor
014345.mp3,G minor
014347.mp3,A minor
014364.mp3,C# minor
014365.mp3,F# minor
014372.mp3,F minor
014375.mp3,Bb major
014384.mp3,D major
014386.mp3,B minor
014479.mp3,E minor
014635.mp3,C# minor
014643.mp3,D# major
014651.mp3,A minor
014653.mp3,D# major
014657.mp3,E minor
014661.mp3,A minor
014684.mp3,E major
014685.mp3,D major
014686.mp3,D# minor
014693.mp3,A major
014737.mp3,D minor
014738.mp3,D major
014747.mp3,F minor
014748.mp3,G minor
014796.mp3,C# minor
014882.mp3,D major
014886.mp3,C major
014887.mp3,E minor
014891.mp3,E major
014895.mp3,G major
014896.mp3,E major
014897.mp3,E major
014907.mp3,C major
014908.mp3,G major
014922.mp3,D minor
014934.mp3,B major
014935.mp3,B major
014941.mp3,D major
014942.mp3,A major
014952.mp3,A major
014953.mp3,G major
014954.mp3,E major
014957.mp3,E major
014959.mp3,G major
014964.mp3,A major
014967.mp3,D minor
014968.mp3,E minor
014969.mp3,G major
014978.mp3,G major
014979.mp3,C minor
014990.mp3,E minor
014999.mp3,A minor
015000.mp3,A major
015001.mp3,E minor
015044.mp3,F major
015124.mp3,E major
015142.mp3,E major
015228.mp3,A minor
015307.mp3,B minor
015438.mp3,Bb minor
015441.mp3,B minor
015446.mp3,B minor
015479.mp3,G major
015763.mp3,D minor
015893.mp3,Bb minor
015953.mp3,C minor
015954.mp3,C# minor
015956.mp3,D minor
015957.mp3,A minor
015958.mp3,C# minor
016062.mp3,D major
016115.mp3,C minor
016117.mp3,G# minor
016118.mp3,A minor
016119.mp3,F# major
016120.mp3,G# minor
016121.mp3,Bb minor
016122.mp3,A minor
016123.mp3,F minor
016124.mp3,D minor
016126.mp3,C major
016127.mp3,E minor
016128.mp3,G minor
016157.mp3,F minor
016241.mp3,Bb minor
016242.mp3,D minor
016248.mp3,B minor
016343.mp3,C minor
016354.mp3,D# minor
016392.mp3,D major
016650.mp3,F minor
016651.mp3,F minor
016652.mp3,G minor
016655.mp3,E minor
016657.mp3,A minor
016673.mp3,C minor
016690.mp3,E major
016692.mp3,E minor
016695.mp3,Bb minor
016696.mp3,E major
016697.mp3,C# minor
016699.mp3,A minor
016702.mp3,C# minor
016703.mp3,C# major
016983.mp3,C major
017132.mp3,A major
017133.mp3,F# major
017327.mp3,C major
017328.mp3,D major
017355.mp3,D major
017364.mp3,D major
017439.mp3,C# minor
017524.mp3,A major
017571.mp3,E minor
017576.mp3,G major
017589.mp3,G major
017595.mp3,C# minor
017601.mp3,A major
017602.mp3,F# major
017603.mp3,A major
017831.mp3,G major
017839.mp3,B minor
017845.mp3,B minor
017992.mp3,D# minor
018101.mp3,E major
018104.mp3,E major
018113.mp3,A major
018140.mp3,A major
018141.mp3,E major
018142.mp3,F# major
018307.mp3,B minor
018347.mp3,F# major
018383.mp3,B major
018384.mp3,A major
018394.mp3,A major
018584.mp3,D major
018586.mp3,C minor
018599.mp3,F major
018603.mp3,Bb major
018616.mp3,D major
018636.mp3,Bb minor
018642.mp3,D# major
018683.mp3,E minor
018694.mp3,G# major
018710.mp3,A minor
018712.mp3,F major
018713.mp3,D# major
018715.mp3,Bb major
018742.mp3,B minor
018743.mp3,G major
018744.mp3,E major
018745.mp3,C major
018746.mp3,A minor
018747.mp3,G major
018751.mp3,A major
018753.mp3,B minor
018803.mp3,G major
018823.mp3,E minor
018887.mp3,A minor
018888.mp3,E minor
018891.mp3,G major
019070.mp3,C major
019207.mp3,D# major
019246.mp3,C minor
019250.mp3,G minor
019252.mp3,G minor
019253.mp3,B minor
019254.mp3,B minor
019255.mp3,B minor
019256.mp3,D minor
019257.mp3,D minor
019260.mp3,D minor
019261.mp3,E minor
019264.mp3,D minor
019297.mp3,D major
019322.mp3,G major
019323.mp3,Bb major
019392.mp3,Bb major
019397.mp3,Bb major
019424.mp3,C# minor
019426.mp3,A minor
019440.mp3,E major
019443.mp3,F# minor
019539.mp3,E major
019637.mp3,D major
019638.mp3,C minor
019639.mp3,F minor
019649.mp3,E minor
019658.mp3,G minor
019668.mp3,G# minor
019670.mp3,D major
019671.mp3,B minor
019680.mp3,A minor
019683.mp3,C major
019684.mp3,G# major
019705.mp3,F# minor
019707.mp3,D major
019708.mp3,C# major
019718.mp3,G major
019720.mp3,D# minor
019721.mp3,F# minor
019722.mp3,B minor
019724.mp3,G minor
019726.mp3,F# minor
019741.mp3,Bb minor
019742.mp3,Bb minor
019757.mp3,G minor
020013.mp3,A minor
020033.mp3,G# major
020044.mp3,F major
020052.mp3,D major
020053.mp3,C minor
020055.mp3,B major
020123.mp3,D major
020124.mp3,G minor
020129.mp3,A major
020152.mp3,B major
020206.mp3,G# major
020210.mp3,C major
020227.mp3,E major
020229.mp3,E minor
020230.mp3,E minor
020256.mp3,D# major
020263.mp3,A major
020265.mp3,G# major
020266.mp3,F# major
020432.mp3,E minor
020434.mp3,D# major
020565.mp3,G major
020690.mp3,F minor
020761.mp3,D# minor
020824.mp3,C major
020826.mp3,F# minor
021011.mp3,A minor
021014.mp3,D minor
021064.mp3,F minor
021065.mp3,F minor
021083.mp3,C major
021084.mp3,A major
021085.mp3,A major
021086.mp3,E major
021100.mp3,D# minor
021189.mp3,E major
021202.mp3,D major
021220.mp3,D# major
021260.mp3,G minor
021298.mp3,G major
021302.mp3,D# major
021368.mp3,F major
021378.mp3,D minor
021379.mp3,F# major
021381.mp3,G minor
021553.mp3,G major
021555.mp3,A minor
021556.mp3,G# minor
021557.mp3,Bb major
021559.mp3,C# minor
021617.mp3,C major
021820.mp3,G minor
021823.mp3,C major
021826.mp3,F minor
021827.mp3,D major
021828.mp3,B minor
021829.mp3,C major
021831.mp3,E minor
021834.mp3,F minor
021859.mp3,C minor
021860.mp3,G minor
021961.mp3,E major
022058.mp3,Bb major
022059.mp3,A major
022060.mp3,F# major
022061.mp3,Bb major
022062.mp3,E minor
022097.mp3,C minor
022195.mp3,B major
022284.mp3,C major
022285.mp3,C# major
022295.mp3,C# minor
022311.mp3,C minor
022317.mp3,E minor
022318.mp3,F minor
022319.mp3,G major
022322.mp3,C# minor
022323.mp3,E minor
022328.mp3,D# minor
022453.mp3,A minor
022556.mp3,D major
022562.mp3,F major
022563.mp3,G major
022576.mp3,D minor
022943.mp3,B major
022954.mp3,A minor
022974.mp3,D minor
022996.mp3,A minor
022997.mp3,F# major
023011.mp3,A minor
023014.mp3,F# minor
023015.mp3,E major
023025.mp3,G major
023026.mp3,D major
023059.mp3,D major
023060.mp3,E major
023096.mp3,D major
023107.mp3,E minor
023108.mp3,E minor
023172.mp3,A minor
023173.mp3,A major
023177.mp3,E minor
023181.mp3,A minor
023338.mp3,B major
023339.mp3,F# major
023340.mp3,D major
023341.mp3,B major
023342.mp3,G major
023370.mp3,Bb major
023371.mp3,D# minor
023797.mp3,C minor
023800.mp3,A minor
023808.mp3,D# minor
023851.mp3,A major
023856.mp3,C minor
023857.mp3,F minor
023859.mp3,F minor
023861.mp3,F# minor
023862.mp3,C minor
023888.mp3,E minor
024014.mp3,B minor
024015.mp3,G# minor
024016.mp3,A minor
024017.mp3,A minor
024106.mp3,A major
024227.mp3,F minor
024228.mp3,A major
024229.mp3,C major
024230.mp3,A major
024238.mp3,F major
024240.mp3,G major
024241.mp3,A major
024254.mp3,E minor
024255.mp3,E major
024256.mp3,E major
024257.mp3,C major
024258.mp3,A major
024262.mp3,E minor
024264.mp3,D# minor
024270.mp3,D minor
024271.mp3,F minor
024272.mp3,D minor
024274.mp3,A major
024736.mp3,C major
024737.mp3,A major
024856.mp3,D minor
024866.mp3,E major
024868.mp3,C minor
024876.mp3,C major
024877.mp3,D major
024937.mp3,D major
024938.mp3,E minor
024939.mp3,F major
024941.mp3,B major
024942.mp3,D major
025062.mp3,B major
025085.mp3,D major
025086.mp3,A major
025087.mp3,G# minor
025090.mp3,E minor
025636.mp3,G# minor
025637.mp3,A minor
025795.mp3,C major
025796.mp3,A minor
025798.mp3,D minor
025799.mp3,A minor
025800.mp3,D# minor
025906.mp3,A major
025907.mp3,A major
025908.mp3,A major
025909.mp3,Bb major
026024.mp3,G minor
026169.mp3,C major
026171.mp3,C# minor
026173.mp3,B major
026174.mp3,G major
026175.mp3,A minor
026176.mp3,C major
026177.mp3,F major
026178.mp3,F major
026179.mp3,G minor
026242.mp3,C major
026311.mp3,C major
026673.mp3,G minor
026679.mp3,D minor
026680.mp3,A minor
026721.mp3,B major
026737.mp3,G minor
026894.mp3,E major
026901.mp3,E major
027127.mp3,F minor
027177.mp3,D minor
027179.mp3,D minor
027183.mp3,D# minor
027222.mp3,D minor
027223.mp3,A minor
027224.mp3,C major
027230.mp3,F major
027231.mp3,A minor
027232.mp3,D major
027233.mp3,G major
027235.mp3,A major
027258.mp3,G minor
027548.mp3,B major
027549.mp3,G minor
027550.mp3,E minor
027607.mp3,G minor
027844.mp3,G major
027845.mp3,D minor
027846.mp3,F# major
027853.mp3,C# minor
027859.mp3,G minor
027861.mp3,Bb major
027862.mp3,E minor
027864.mp3,G major
027865.mp3,D major
027979.mp3,B minor
028070.mp3,C major
028084.mp3,C minor
028252.mp3,C minor
028266.mp3,E minor
028364.mp3,F major
028365.mp3,D minor
028377.mp3,G minor
028388.mp3,G minor
028396.mp3,D# minor
028398.mp3,B major
028400.mp3,B major
028427.mp3,E major
028428.mp3,F# major
028429.mp3,Bb major
028430.mp3,A major
028431.mp3,B major
028435.mp3,F# minor
028545.mp3,A major
028548.mp3,A minor
028589.mp3,B minor
028599.mp3,G major
028647.mp3,G minor
028777.mp3,G minor
028783.mp3,D major
028810.mp3,A minor
028811.mp3,B minor
028814.mp3,E minor
028832.mp3,G minor
028833.mp3,E major
028834.mp3,D minor
028835.mp3,E minor
029046.mp3,F major
029047.mp3,G# major
029265.mp3,G major
029267.mp3,A minor
029268.mp3,C minor
029271.mp3,C major
029447.mp3,D major
029449.mp3,C major
029450.mp3,A major
029451.mp3,E major
029452.mp3,C major
029453.mp3,C major
029454.mp3,D minor
029455.mp3,D minor
029456.mp3,B minor
029457.mp3,D major
029458.mp3,G minor
029459.mp3,B minor
029461.mp3,G major
029467.mp3,C minor
029469.mp3,D minor
029470.mp3,F minor
029471.mp3,E minor
029472.mp3,D major
029473.mp3,A minor
029474.mp3,D minor
029475.mp3,D minor
029476.mp3,D minor
029477.mp3,C# minor
029478.mp3,D minor
029479.mp3,D# major
029480.mp3,D minor
029526.mp3,C major
029527.mp3,B major
029528.mp3,C major
029529.mp3,C major
029530.mp3,C minor
029532.mp3,C major
029584.mp3,E minor
029586.mp3,B minor
029605.mp3,B major
029609.mp3,A minor
029610.mp3,A minor
029611.mp3,A minor
029625.mp3,G# minor
029626.mp3,B minor
029627.mp3,G# minor
029739.mp3,G major
029818.mp3,D# major
029819.mp3,E major
029844.mp3,A major
029846.mp3,G# major
029849.mp3,G major
029851.mp3,D major
029943.mp3,F minor
030015.mp3,D minor
030018.mp3,F minor
030023.mp3,D minor
030025.mp3,D minor
030026.mp3,D minor
030027.mp3,E minor
030028.mp3,D minor
030030.mp3,A minor
030033.mp3,D minor
030035.mp3,F# major
030039.mp3,A major
030040.mp3,F# minor
030042.mp3,B minor
030044.mp3,Bb major
030045.mp3,E major
030047.mp3,C major
030048.mp3,E minor
030049.mp3,F# minor
030050.mp3,E minor
030051.mp3,E major
030052.mp3,C# major
030053.mp3,F minor
030055.mp3,C major
030056.mp3,D# minor
030058.mp3,C minor
030117.mp3,B minor
030148.mp3,E major
030149.mp3,A major
030362.mp3,C major
030363.mp3,C major
030366.mp3,C major
030369.mp3,A minor
030370.mp3,C minor
030518.mp3,D# minor
030519.mp3,D# minor
030520.mp3,G# minor
030521.mp3,G# minor
030544.mp3,D minor
030838.mp3,G# major
030839.mp3,D major
030840.mp3,E major
030842.mp3,D major
030846.mp3,B major
030847.mp3,Bb major
030848.mp3,C major
030977.mp3,D# minor
030978.mp3,G# minor
030979.mp3,D minor
030980.mp3,D minor
030981.mp3,G minor
030982.mp3,D major
030983.mp3,C# minor
030984.mp3,C major
030986.mp3,D minor
030989.mp3,E minor
031012.mp3,G minor
031126.mp3,F major
031152.mp3,Bb minor
031160.mp3,F minor
031201.mp3,D# minor
031202.mp3,F# major
031206.mp3,E major
031207.mp3,A minor
031208.mp3,G# major
031209.mp3,C minor
031218.mp3,C minor
031220.mp3,G major
031221.mp3,D minor
031222.mp3,B minor
031223.mp3,B minor
031224.mp3,G minor
031227.mp3,C major
031231.mp3,C major
031257.mp3,D minor
031345.mp3,D major
031346.mp3,F# major
031357.mp3,D major
031358.mp3,B major
031359.mp3,D minor
031362.mp3,C# minor
031363.mp3,D minor
031365.mp3,B minor
031366.mp3,A minor
031367.mp3,C minor
031426.mp3,E minor
031427.mp3,D major
031428.mp3,G# minor
031433.mp3,D major
031435.mp3,E minor
031436.mp3,C major
031437.mp3,E major
031438.mp3,B major
031439.mp3,D# minor
031440.mp3,C# minor
031441.mp3,C# minor
031446.mp3,B minor
031458.mp3,C minor
031569.mp3,A minor
031573.mp3,A major
031577.mp3,A minor
031578.mp3,F# minor
031629.mp3,A minor
031636.mp3,A major
031866.mp3,G minor
031871.mp3,C minor
031991.mp3,Bb major
031992.mp3,C major
031993.mp3,A minor
031994.mp3,Bb major
031995.mp3,G major
031999.mp3,E minor
032000.mp3,E major
032001.mp3,G major
032002.mp3,G minor
032005.mp3,D# major
032006.mp3,E major
032007.mp3,G minor
032008.mp3,C minor
032011.mp3,A major
032012.mp3,C# minor
032013.mp3,G major
032068.mp3,D minor
032177.mp3,G minor
032365.mp3,E major
032399.mp3,E major
032575.mp3,C major
032577.mp3,C# minor
032581.mp3,D major
032611.mp3,Bb minor
032613.mp3,F minor
032696.mp3,D minor
032697.mp3,D major
032698.mp3,D minor
032699.mp3,C# major
032700.mp3,E minor
032701.mp3,E major
032702.mp3,E major
032703.mp3,G major
032704.mp3,G# minor
032705.mp3,G major
032706.mp3,C# major
032749.mp3,C major
032751.mp3,A major
032756.mp3,G minor
032759.mp3,E major
032771.mp3,C minor
032773.mp3,D minor
032802.mp3,A major
032803.mp3,F minor
032805.mp3,E major
032806.mp3,C major
032831.mp3,A minor
032844.mp3,E minor
032869.mp3,D# major
032898.mp3,F major
032899.mp3,A minor
032900.mp3,G minor
033124.mp3,G major
033152.mp3,D major
033171.mp3,F minor
033184.mp3,G# major
033199.mp3,G major
033200.mp3,D# minor
033234.mp3,G minor
033235.mp3,D major
033263.mp3,C major
033264.mp3,C major
033276.mp3,G major
033277.mp3,A major
033279.mp3,D major
033289.mp3,C major
033300.mp3,G# major
033301.mp3,A major
033303.mp3,D# major
033305.mp3,G major
033306.mp3,B major
033307.mp3,D major
033308.mp3,C major
033309.mp3,F# major
033310.mp3,C major
033312.mp3,Bb major
033325.mp3,D major
033449.mp3,A major
033454.mp3,G major
033525.mp3,Bb minor
033591.mp3,Bb major
033603.mp3,F# minor
033615.mp3,B minor
033629.mp3,E minor
033850.mp3,Bb major
033985.mp3,A major
033994.mp3,E major
034082.mp3,Bb minor
034083.mp3,C major
034085.mp3,C minor
034119.mp3,C minor
034334.mp3,B major
034442.mp3,E minor
034449.mp3,E minor
034456.mp3,E minor
034500.mp3,F# major
034501.mp3,Bb major
034503.mp3,G major
034976.mp3,C# major
034978.mp3,G minor
035084.mp3,G# major
035086.mp3,D# major
035219.mp3,F major
035342.mp3,F major
035525.mp3,D major
035532.mp3,D minor
035534.mp3,E minor
035537.mp3,F minor
035543.mp3,G major
035544.mp3,A minor
035547.mp3,E minor
035548.mp3,E minor
035549.mp3,A minor
035552.mp3,F# minor
035553.mp3,D major
035750.mp3,C major
035754.mp3,C# major
035773.mp3,F minor
036050.mp3,Bb minor
036051.mp3,E minor
036052.mp3,G minor
036053.mp3,B minor
036054.mp3,Bb minor
036056.mp3,C minor
036057.mp3,Bb minor
036121.mp3,F# major
036125.mp3,E minor
036126.mp3,E major
036127.mp3,C minor
036128.mp3,B minor
036130.mp3,G major
036131.mp3,D# minor
036384.mp3,F# minor
036385.mp3,D minor
036388.mp3,A minor
036389.mp3,E minor
036393.mp3,Bb minor
036481.mp3,A minor
036482.mp3,E minor
036483.mp3,C major
036484.mp3,G major
036485.mp3,C major
036486.mp3,F major
036487.mp3,G minor
036488.mp3,G major
036490.mp3,F major
036572.mp3,B major
036573.mp3,G major
036574.mp3,G major
036575.mp3,Bb major
036576.mp3,Bb major
036577.mp3,A major
036579.mp3,E major
036580.mp3,G major
036737.mp3,E minor
036738.mp3,A minor
036747.mp3,A minor
036749.mp3,G major
036751.mp3,G minor
036757.mp3,C major
036762.mp3,F# major
036763.mp3,F# major
036764.mp3,F# major
036765.mp3,C major
036768.mp3,D# minor
036771.mp3,Bb minor
036772.mp3,F# major
036773.mp3,D# minor
036774.mp3,D# minor
036777.mp3,G# minor
037085.mp3,C# minor
037087.mp3,G minor
037088.mp3,C major
037096.mp3,E minor
037106.mp3,B minor
037107.mp3,E major
037110.mp3,B minor
037138.mp3,C major
037368.mp3,D# major
037457.mp3,D major
037459.mp3,A minor
037461.mp3,D major
037593.mp3,F# major
037602.mp3,D# major
037622.mp3,C minor
037623.mp3,E major
037624.mp3,C minor
037625.mp3,E major
037626.mp3,C major
037627.mp3,C# major
037628.mp3,D minor
037711.mp3,D minor
037713.mp3,D minor
037743.mp3,D minor
037876.mp3,G major
037956.mp3,G major
037981.mp3,Bb major
037982.mp3,E minor
037983.mp3,F# minor
037984.mp3,E major
037985.mp3,C major
038506.mp3,G# minor
038508.mp3,A major
038510.mp3,A major
038511.mp3,F major
038514.mp3,D major
038515.mp3,B major
038548.mp3,A major
038555.mp3,Bb major
038790.mp3,Bb minor
038958.mp3,D# minor
038970.mp3,C minor
038971.mp3,E minor
038974.mp3,A minor
038978.mp3,A minor
038979.mp3,A minor
038981.mp3,A minor
038983.mp3,A minor
039290.mp3,D# minor
039330.mp3,G major
039332.mp3,B minor
039342.mp3,Bb major
039357.mp3,A minor
039361.mp3,G# minor
039393.mp3,C# major
039514.mp3,B minor
039525.mp3,C major
039526.mp3,C major
039527.mp3,C# major
039528.mp3,C major
039529.mp3,G major
039539.mp3,E minor
039541.mp3,D# minor
039542.mp3,D minor
039549.mp3,B major
039569.mp3,F major
039570.mp3,A minor
039573.mp3,E minor
039574.mp3,A minor
039575.mp3,Bb minor
039580.mp3,Bb minor
039581.mp3,E minor
039583.mp3,C minor
039586.mp3,B minor
039587.mp3,C minor
039588.mp3,F# minor
039811.mp3,D# minor
039930.mp3,G minor
039932.mp3,B minor
039950.mp3,A minor
040234.mp3,F# minor
040238.mp3,A minor
040239.mp3,E minor
040240.mp3,G minor
040242.mp3,E major
040243.mp3,A minor
040244.mp3,D major
040245.mp3,C minor
040265.mp3,Bb minor
040266.mp3,A minor
040321.mp3,F major
040369.mp3,F# minor
040370.mp3,D# minor
040373.mp3,F minor
040487.mp3,G# minor
040488.mp3,F major
040491.mp3,A major
040492.mp3,A major
040495.mp3,C major
040496.mp3,C# minor
040497.mp3,B minor
040553.mp3,F major
040556.mp3,A major
040557.mp3,G major
040569.mp3,F major
040618.mp3,F minor
040619.mp3,C minor
040621.mp3,C# minor
040623.mp3,C minor
040707.mp3,C major
040708.mp3,F# minor
040709.mp3,E minor
040710.mp3,D minor
040711.mp3,D minor
040714.mp3,D# major
040716.mp3,G major
040719.mp3,A minor
040764.mp3,C minor
040769.mp3,Bb major
040771.mp3,F minor
040773.mp3,G minor
040777.mp3,F minor
040814.mp3,F# minor
040841.mp3,D# minor
040842.mp3,G minor
040843.mp3,C# minor
040848.mp3,C major
040849.mp3,C major
040951.mp3,A major
040963.mp3,B minor
040984.mp3,A minor
040985.mp3,C minor
040989.mp3,C# major
041010.mp3,G# minor
041095.mp3,E major
041101.mp3,F major
041104.mp3,G minor
041122.mp3,E minor
041124.mp3,F minor
041125.mp3,F# major
041191.mp3,Bb minor
041192.mp3,F# major
041284.mp3,F# major
041299.mp3,G minor
041302.mp3,F# minor
041486.mp3,E major
041487.mp3,D major
041489.mp3,D# major
041515.mp3,D# minor
041516.mp3,G major
041517.mp3,E minor
041519.mp3,C minor
041520.mp3,E minor
041550.mp3,Bb major
041554.mp3,D minor
041569.mp3,G major
041598.mp3,A minor
041599.mp3,D minor
041600.mp3,D minor
041601.mp3,A minor
041602.mp3,C major
041758.mp3,G major
041971.mp3,A minor
041974.mp3,E minor
041975.mp3,C major
041976.mp3,E major
041980.mp3,D minor
041981.mp3,G major
041982.mp3,E major
041988.mp3,E minor
042040.mp3,G# minor
042044.mp3,A minor
042047.mp3,D major
042055.mp3,Bb minor
042056.mp3,A minor
042057.mp3,G# minor
042058.mp3,A minor
042059.mp3,B major
042060.mp3,E minor
042062.mp3,G# minor
042064.mp3,G# minor
042065.mp3,A minor
042312.mp3,D major
042348.mp3,G major
042349.mp3,D major
042350.mp3,C major
042351.mp3,A minor
042432.mp3,E minor
042434.mp3,A minor
042657.mp3,B minor
042740.mp3,C minor
042742.mp3,F minor
042744.mp3,D minor
042745.mp3,D minor
042747.mp3,G# major
042748.mp3,A minor
042749.mp3,E minor
042750.mp3,A minor
042756.mp3,D major
042757.mp3,A major
042758.mp3,C major
042803.mp3,D major
042806.mp3,E major
042834.mp3,D major
042835.mp3,E major
042836.mp3,A major
042837.mp3,C major
043153.mp3,C minor
043304.mp3,A minor
043323.mp3,G minor
043325.mp3,D# major
043402.mp3,D# minor
043407.mp3,D# minor
043408.mp3,D# major
043411.mp3,G# major
043493.mp3,E minor
043497.mp3,C minor
043499.mp3,A minor
043502.mp3,D minor
044099.mp3,A major
044100.mp3,D minor
044101.mp3,G major
044102.mp3,G major
044103.mp3,C major
044105.mp3,A major
044106.mp3,A major
044107.mp3,C# minor
044108.mp3,D major
044109.mp3,C# minor
044126.mp3,C# major
044195.mp3,C# minor
044196.mp3,G minor
044197.mp3,G# minor
044198.mp3,E minor
044207.mp3,D minor
044277.mp3,G minor
044278.mp3,D minor
044279.mp3,Bb minor
044282.mp3,B minor
044283.mp3,E minor
044285.mp3,E minor
044286.mp3,F minor
044401.mp3,E minor
044423.mp3,C minor
044799.mp3,G# minor
044801.mp3,F# minor
044821.mp3,F minor
044822.mp3,C# minor
044823.mp3,G minor
044886.mp3,C# major
044896.mp3,C# major
044954.mp3,A minor
045012.mp3,D minor
045060.mp3,C major
045099.mp3,E minor
045100.mp3,D minor
045101.mp3,A minor
045103.mp3,Bb minor
045141.mp3,Bb major
045166.mp3,D major
045275.mp3,B major
045320.mp3,F major
045331.mp3,A minor
045332.mp3,G major
045334.mp3,A major
045513.mp3,G# major
045514.mp3,E minor
045515.mp3,B minor
045517.mp3,C major
045518.mp3,D major
045519.mp3,E major
045520.mp3,G major
045521.mp3,B minor
045522.mp3,D major
045523.mp3,C major
045562.mp3,E major
045563.mp3,C# major
045565.mp3,E minor
045566.mp3,G minor
045567.mp3,E minor
045568.mp3,B major
046070.mp3,C minor
046088.mp3,D minor
046091.mp3,D minor
046126.mp3,B minor
046129.mp3,E major
046146.mp3,E major
046334.mp3,A minor
046339.mp3,A minor
046362.mp3,E major
046365.mp3,C major
046508.mp3,F# major
046514.mp3,D minor
046546.mp3,D major
046547.mp3,D major
046548.mp3,G major
046549.mp3,E major
046550.mp3,C major
046551.mp3,C major
046552.mp3,G major
046553.mp3,E major
046728.mp3,C major
046729.mp3,C minor
046735.mp3,D minor
046736.mp3,B minor
046737.mp3,A major
046738.mp3,C minor
046757.mp3,F minor
046785.mp3,A minor
046786.mp3,D major
046787.mp3,A major
046788.mp3,E minor
046789.mp3,C# major
046790.mp3,D# minor
046791.mp3,E minor
046793.mp3,D major
046796.mp3,G major
046839.mp3,C minor
046841.mp3,G major
046842.mp3,B minor
046843.mp3,E major
046844.mp3,A minor
046845.mp3,C minor
046847.mp3,E minor
046848.mp3,A major
046850.mp3,D major
046852.mp3,E minor
046853.mp3,F major
046854.mp3,A minor
046855.mp3,F minor
046856.mp3,C major
047023.mp3,A minor
047035.mp3,C major
047041.mp3,E minor
047042.mp3,A minor
047043.mp3,F minor
047044.mp3,E minor
047068.mp3,C minor
047069.mp3,G# minor
047070.mp3,F major
047071.mp3,F minor
047072.mp3,D minor
047073.mp3,D minor
047075.mp3,C minor
047076.mp3,D minor
047077.mp3,G minor
047237.mp3,E major
047238.mp3,E major
047240.mp3,D major
047242.mp3,G major
047243.mp3,E major
047245.mp3,F major
047343.mp3,C major
047347.mp3,D# major
047365.mp3,G major
047366.mp3,G major
047368.mp3,C major
047369.mp3,A major
047371.mp3,D# major
047454.mp3,E minor
047464.mp3,Bb minor
047475.mp3,D major
047477.mp3,G minor
047478.mp3,A major
047479.mp3,D major
047480.mp3,C major
047481.mp3,E major
047482.mp3,E minor
047483.mp3,A major
047515.mp3,E minor
047559.mp3,B major
047562.mp3,F minor
047604.mp3,D major
047609.mp3,F# major
047612.mp3,F# major
047661.mp3,C major
047662.mp3,A major
047676.mp3,D major
047739.mp3,A major
047740.mp3,A minor
047742.mp3,A minor
047767.mp3,C# major
047771.mp3,G major
047860.mp3,B major
047894.mp3,F major
047915.mp3,D minor
047916.mp3,C minor
047917.mp3,C major
047919.mp3,Bb major
047920.mp3,E minor
047921.mp3,Bb major
047922.mp3,E minor
047923.mp3,F major
047924.mp3,E minor
047955.mp3,D minor
048002.mp3,E major
048003.mp3,C major
048006.mp3,C# major
048055.mp3,E major
048056.mp3,F major
048057.mp3,C minor
048058.mp3,E minor
048059.mp3,F major
048060.mp3,E major
048062.mp3,G major
048063.mp3,A minor
048119.mp3,G minor
048123.mp3,C minor
048125.mp3,G# minor
048139.mp3,D major
048140.mp3,G major
048141.mp3,G major
048142.mp3,C major
048143.mp3,A major
048144.mp3,D major
048145.mp3,C major
048146.mp3,G major
048147.mp3,D# major
048148.mp3,D major
048149.mp3,G major
048173.mp3,B minor
048175.mp3,D# major
048176.mp3,A minor
048177.mp3,A major
048178.mp3,D# minor
048180.mp3,Bb major
048182.mp3,G# minor
048183.mp3,C major
048184.mp3,E minor
048185.mp3,C minor
048186.mp3,C minor
048187.mp3,C major
048188.mp3,Bb minor
048189.mp3,Bb minor
048194.mp3,A minor
048195.mp3,F# minor
048198.mp3,C major
048199.mp3,C major
048202.mp3,G minor
048203.mp3,D minor
048204.mp3,C# minor
048205.mp3,D minor
048206.mp3,D# minor
048216.mp3,C minor
048223.mp3,E major
048241.mp3,C major
048242.mp3,D# minor
048243.mp3,B minor
048244.mp3,F# minor
048245.mp3,E minor
048247.mp3,C major
048248.mp3,E minor
048249.mp3,D# major
048290.mp3,D minor
048291.mp3,G major
048293.mp3,C major
048294.mp3,G minor
048297.mp3,D minor
048612.mp3,A major
048615.mp3,E major
048616.mp3,B minor
048618.mp3,G minor
048619.mp3,C major
048620.mp3,D minor
048621.mp3,A minor
048622.mp3,B major
048789.mp3,F# major
048957.mp3,D major
048961.mp3,D major
048969.mp3,C major
049088.mp3,A minor
049090.mp3,G minor
049093.mp3,C# minor
049097.mp3,D minor
049098.mp3,D minor
049132.mp3,A minor
049296.mp3,F major
049430.mp3,G major
049438.mp3,C major
049637.mp3,D minor
049638.mp3,Bb minor
049639.mp3,A minor
049640.mp3,E major
049641.mp3,A minor
049642.mp3,E minor
049643.mp3,E minor
049830.mp3,A major
049831.mp3,C major
049832.mp3,C major
049833.mp3,A major
049836.mp3,D minor
049837.mp3,Bb major
049838.mp3,C major
049842.mp3,A minor
049847.mp3,B major
049848.mp3,D# major
049849.mp3,A major
050048.mp3,E minor
050049.mp3,E minor
050051.mp3,B minor
050053.mp3,D minor
050054.mp3,E minor
050055.mp3,D major
050061.mp3,E major
050092.mp3,E minor
050096.mp3,G major
050099.mp3,E major
050267.mp3,D minor
050272.mp3,E minor
050282.mp3,D major
050298.mp3,B major
050370.mp3,D# major
050419.mp3,C major
050423.mp3,C major
050424.mp3,G minor
050450.mp3,A minor
050451.mp3,B minor
050453.mp3,G# minor
050454.mp3,Bb major
050455.mp3,A minor
050456.mp3,F# minor
050457.mp3,C# minor
050464.mp3,G major
050539.mp3,C major
050544.mp3,D major
050595.mp3,D minor
050619.mp3,D major
050623.mp3,D major
050723.mp3,C major
050724.mp3,C major
050725.mp3,D major
050726.mp3,D# major
050727.mp3,Bb major
050728.mp3,G major
050729.mp3,F# minor
050730.mp3,D minor
050731.mp3,B minor
050732.mp3,D major
050740.mp3,F major
050741.mp3,A minor
050742.mp3,D major
050743.mp3,D major
050835.mp3,F major
050860.mp3,C# minor
050862.mp3,C minor
050863.mp3,C minor
050864.mp3,E major
050865.mp3,A minor
050868.mp3,F minor
050869.mp3,B major
050882.mp3,G minor
050891.mp3,E minor
050892.mp3,A minor
050905.mp3,C minor
050910.mp3,C minor
050911.mp3,A minor
050912.mp3,A minor
050913.mp3,C minor
050914.mp3,F major
050927.mp3,D minor
050928.mp3,C minor
050936.mp3,C major
050939.mp3,C minor
050940.mp3,C minor
050944.mp3,D minor
050946.mp3,D minor
050952.mp3,D major
050954.mp3,C minor
050955.mp3,C major
050957.mp3,C major
050959.mp3,D minor
050972.mp3,D minor
050973.mp3,E minor
050990.mp3,D minor
050991.mp3,E minor
050998.mp3,B major
051000.mp3,C minor
051001.mp3,C major
051007.mp3,C major
051008.mp3,A major
051038.mp3,C# major
051118.mp3,D# major
051127.mp3,D major
051129.mp3,F# major
051153.mp3,A minor
051168.mp3,D minor
051169.mp3,Bb minor
051195.mp3,F major
051228.mp3,F minor
051229.mp3,A minor
051230.mp3,A minor
051231.mp3,C minor
051235.mp3,A minor
051238.mp3,A minor
051239.mp3,G minor
051241.mp3,A minor
051263.mp3,B minor
051271.mp3,E major
051313.mp3,C major
051317.mp3,D major
051332.mp3,C minor
051333.mp3,G major
051357.mp3,G major
051358.mp3,G major
051359.mp3,G major
051360.mp3,C# major
051389.mp3,A minor
051418.mp3,B minor
051419.mp3,B minor
051420.mp3,F major
051421.mp3,D minor
051423.mp3,C# minor
051424.mp3,F# minor
051425.mp3,A minor
051426.mp3,D# minor
051427.mp3,C major
051428.mp3,A major
051429.mp3,A minor
051430.mp3,A minor
051614.mp3,Bb minor
051615.mp3,A minor
051616.mp3,E minor
051617.mp3,C major
051618.mp3,F major
051622.mp3,E minor
051623.mp3,F minor
051625.mp3,B minor
051628.mp3,D minor
051629.mp3,A minor
051631.mp3,G# minor
051632.mp3,Bb minor
051635.mp3,Bb major
051710.mp3,E minor
051715.mp3,F# major
051732.mp3,Bb minor
051734.mp3,F# minor
051755.mp3,D minor
051774.mp3,E minor
051775.mp3,A minor
051776.mp3,D major
051778.mp3,D# minor
051779.mp3,G minor
051783.mp3,G minor
051785.mp3,G minor
051921.mp3,E minor
052034.mp3,F major
052036.mp3,C major
052040.mp3,A minor
052043.mp3,F major
052045.mp3,F major
052052.mp3,B minor
052059.mp3,F# minor
052225.mp3,A major
052227.mp3,G# minor
052229.mp3,G major
052250.mp3,G minor
052251.mp3,D minor
052255.mp3,D major
052257.mp3,G major
052259.mp3,C major
052261.mp3,G major
052275.mp3,E major
052276.mp3,C major
052277.mp3,D# minor
052361.mp3,B major
052404.mp3,E minor
052508.mp3,B major
052520.mp3,F major
052521.mp3,A major
052522.mp3,B major
052524.mp3,D major
052525.mp3,G major
052526.mp3,A major
052568.mp3,C minor
052853.mp3,B major
052855.mp3,D# minor
052857.mp3,C minor
052928.mp3,B minor
052929.mp3,G major
052931.mp3,A minor
052962.mp3,A major
052969.mp3,A major
053247.mp3,D minor
053248.mp3,G minor
053249.mp3,B minor
053250.mp3,F# minor
053251.mp3,E minor
053636.mp3,C major
053637.mp3,F major
053638.mp3,G major
053639.mp3,E major
053642.mp3,A major
053643.mp3,Bb major
053646.mp3,F minor
053735.mp3,F# major
053736.mp3,E major
053742.mp3,D major
053743.mp3,C major
053744.mp3,C major
053796.mp3,Bb minor
053798.mp3,A major
053799.mp3,E major
053800.mp3,C major
053801.mp3,C major
053803.mp3,C# major
053805.mp3,F major
053807.mp3,C major
053808.mp3,D# major
053810.mp3,G major
053811.mp3,G major
053812.mp3,C# major
053813.mp3,C major
053814.mp3,G minor
053815.mp3,A minor
053816.mp3,D major
053817.mp3,G# major
053818.mp3,D# major
053819.mp3,F major
053820.mp3,C major
053821.mp3,G# minor
053823.mp3,Bb major
053824.mp3,Bb major
053825.mp3,Bb minor
053826.mp3,G# major
053827.mp3,G major
053828.mp3,D minor
053829.mp3,C major
053830.mp3,A major
053845.mp3,D# major
053846.mp3,G major
053852.mp3,D# major
053859.mp3,G minor
053863.mp3,D minor
053896.mp3,A minor
054047.mp3,C# minor
054054.mp3,B minor
054082.mp3,E minor
054166.mp3,A major
054167.mp3,C major
054168.mp3,C major
054169.mp3,E minor
054171.mp3,E major
054172.mp3,D major
054173.mp3,E major
054206.mp3,F major
054208.mp3,D# major
054212.mp3,G minor
054213.mp3,C minor
054215.mp3,F major
054225.mp3,C major
054226.mp3,C major
054227.mp3,C major
054228.mp3,C major
054229.mp3,C major
054230.mp3,C major
054231.mp3,C major
054232.mp3,C major
054236.mp3,G major
054298.mp3,C major
054594.mp3,C major
054622.mp3,D# minor
054623.mp3,D# minor
054682.mp3,A major
054683.mp3,D major
054684.mp3,F major
054685.mp3,C major
054686.mp3,G major
054687.mp3,G major
054688.mp3,D# major
054689.mp3,D major
054690.mp3,D# major
054691.mp3,A major
054692.mp3,D major
054693.mp3,A major
054694.mp3,E major
054695.mp3,C major
054696.mp3,D major
054697.mp3,D major
054698.mp3,G major
054699.mp3,G# major
054701.mp3,G# minor
054703.mp3,E major
054715.mp3,C minor
054735.mp3,G# major
054830.mp3,A minor
054907.mp3,A major
054908.mp3,F# minor
054909.mp3,E major
054910.mp3,F# minor
054911.mp3,Bb major
054912.mp3,D major
054913.mp3,G major
055111.mp3,E minor
055121.mp3,F major
055237.mp3,F minor
055247.mp3,A minor
055248.mp3,A minor
055249.mp3,A major
055285.mp3,B minor
055286.mp3,E minor
055288.mp3,A minor
055289.mp3,E minor
055290.mp3,A minor
055292.mp3,G major
055295.mp3,C major
055332.mp3,A minor
055334.mp3,A minor
055336.mp3,E minor
055346.mp3,D major
055370.mp3,D# minor
055405.mp3,A minor
055406.mp3,A minor
055407.mp3,A minor
055409.mp3,A minor
055411.mp3,A minor
055412.mp3,F major
055451.mp3,F# minor
055452.mp3,Bb minor
055488.mp3,F# minor
055550.mp3,A minor
055554.mp3,D# major
055558.mp3,C# minor
055710.mp3,A minor
055711.mp3,D minor
055712.mp3,D minor
055713.mp3,D minor
055714.mp3,A minor
055715.mp3,A minor
055716.mp3,B minor
055717.mp3,G# minor
055718.mp3,C major
055719.mp3,E minor
055899.mp3,D minor
056143.mp3,E minor
056186.mp3,D minor
056187.mp3,A minor
056189.mp3,G minor
056249.mp3,C minor
056480.mp3,E minor
056500.mp3,F minor
056502.mp3,D minor
056504.mp3,C minor
056505.mp3,G minor
056506.mp3,E minor
056508.mp3,B minor
056510.mp3,C# minor
056511.mp3,Bb minor
056512.mp3,E minor
056513.mp3,G# minor
056514.mp3,A minor
056515.mp3,F# minor
056516.mp3,A minor
056517.mp3,C major
056518.mp3,G major
056520.mp3,E minor
056521.mp3,F major
056525.mp3,A minor
056526.mp3,A minor
056527.mp3,C minor
056528.mp3,B minor
056601.mp3,C minor
056603.mp3,C minor
056605.mp3,Bb minor
056606.mp3,D# minor
056712.mp3,A minor
056713.mp3,D major
056714.mp3,C major
056795.mp3,D major
056798.mp3,B major
056799.mp3,F major
056801.mp3,A major
056803.mp3,C# minor
056804.mp3,A minor
056805.mp3,G major
056825.mp3,C major
056836.mp3,D minor
056895.mp3,A minor
056901.mp3,G# major
056903.mp3,D# major
056904.mp3,G# major
056905.mp3,D# major
056908.mp3,G# major
056912.mp3,A minor
056929.mp3,G minor
056958.mp3,C major
057003.mp3,F# major
057004.mp3,G# minor
057005.mp3,D major
057007.mp3,B major
057009.mp3,G minor
057010.mp3,D minor
057012.mp3,D major
057038.mp3,F# minor
057043.mp3,B major
057047.mp3,G minor
057049.mp3,C major
057050.mp3,G major
057053.mp3,B minor
057054.mp3,G major
057071.mp3,F major
057164.mp3,E major
057166.mp3,C major
057175.mp3,E major
057176.mp3,D major
057234.mp3,F minor
057235.mp3,B minor
057241.mp3,A minor
057261.mp3,A minor
057262.mp3,A minor
057263.mp3,D minor
057265.mp3,A minor
057267.mp3,C major
057300.mp3,G# major
057303.mp3,D# minor
057374.mp3,A major
057387.mp3,F# major
057391.mp3,A major
057393.mp3,G minor
057400.mp3,C major
057433.mp3,B major
057632.mp3,A minor
057636.mp3,B minor
057663.mp3,B major
057786.mp3,C# minor
057787.mp3,F major
057788.mp3,G major
057790.mp3,C# minor
057791.mp3,C major
057792.mp3,Bb major
057793.mp3,E minor
057796.mp3,F minor
057798.mp3,F major
057799.mp3,G# major
057801.mp3,C minor
057802.mp3,B major
057804.mp3,D minor
057909.mp3,E major
057910.mp3,G major
057911.mp3,D# major
057912.mp3,G major
057913.mp3,G major
057914.mp3,F major
057915.mp3,E major
057916.mp3,E major
057918.mp3,D minor
057919.mp3,F major
057920.mp3,G major
057921.mp3,F major
057922.mp3,E minor
057924.mp3,Bb minor
058111.mp3,A minor
058128.mp3,G major
058129.mp3,C major
058130.mp3,D# major
058133.mp3,A major
058134.mp3,C# minor
058135.mp3,G major
058136.mp3,A major
058138.mp3,A minor
058139.mp3,B major
058140.mp3,G major
058204.mp3,A minor
058207.mp3,G minor
058210.mp3,E minor
058215.mp3,G# major
058216.mp3,Bb major
058219.mp3,G# major
058220.mp3,Bb minor
058221.mp3,A major
058237.mp3,G# minor
058273.mp3,G minor
058274.mp3,F minor
058275.mp3,B minor
058276.mp3,A minor
058278.mp3,A minor
058288.mp3,A minor
058290.mp3,E minor
058292.mp3,C major
058293.mp3,C major
058294.mp3,B minor
058295.mp3,B major
058296.mp3,C# minor
058297.mp3,C# minor
058303.mp3,C major
058304.mp3,Bb major
058307.mp3,G minor
058308.mp3,F major
058309.mp3,G major
058310.mp3,G minor
058312.mp3,E minor
058315.mp3,G minor
058316.mp3,E minor
058337.mp3,C# major
058339.mp3,C major
058340.mp3,B minor
058374.mp3,C# minor
058384.mp3,C# minor
058410.mp3,G# major
058412.mp3,F# major
058462.mp3,E major
058463.mp3,F# minor
058505.mp3,C major
058507.mp3,G minor
058517.mp3,Bb minor
058604.mp3,C major
059068.mp3,C minor
059173.mp3,C# major
059176.mp3,B major
059190.mp3,C major
059198.mp3,D minor
059250.mp3,E minor
059251.mp3,C minor
059252.mp3,E minor
059284.mp3,F minor
059286.mp3,B major
059291.mp3,Bb minor
059293.mp3,C major
059294.mp3,C minor
059375.mp3,Bb minor
059542.mp3,D# minor
059543.mp3,D major
059544.mp3,C major
059545.mp3,D# major
059546.mp3,D major
059552.mp3,Bb minor
059554.mp3,F major
059555.mp3,C major
059559.mp3,Bb major
059595.mp3,F# major
059608.mp3,D# major
059613.mp3,F minor
059614.mp3,E minor
059630.mp3,A minor
059631.mp3,C minor
059633.mp3,F# minor
059634.mp3,F major
059635.mp3,F minor
059915.mp3,C minor
059982.mp3,Bb minor
059985.mp3,C# major
060154.mp3,F major
060158.mp3,B minor
060255.mp3,F minor
060277.mp3,C# major
060353.mp3,C# major
060355.mp3,G major
060356.mp3,D major
060357.mp3,A major
060358.mp3,D major
060360.mp3,B minor
060362.mp3,A major
060363.mp3,C major
060842.mp3,E minor
060919.mp3,E major
060920.mp3,E major
060921.mp3,A minor
060922.mp3,E minor
060923.mp3,E major
060924.mp3,D minor
060925.mp3,F major
060926.mp3,C major
060927.mp3,C# minor
060928.mp3,E minor
060969.mp3,F# minor
060971.mp3,D minor
060973.mp3,C major
060974.mp3,C minor
061394.mp3,D minor
061480.mp3,B minor
061495.mp3,E minor
061496.mp3,A minor
061497.mp3,A minor
061498.mp3,E minor
061499.mp3,A minor
061501.mp3,C major
061502.mp3,A minor
061503.mp3,Bb major
061504.mp3,C major
061505.mp3,C major
061507.mp3,A minor
061509.mp3,C major
061510.mp3,A minor
061512.mp3,C major
061673.mp3,Bb minor
061679.mp3,Bb major
061731.mp3,G minor
061767.mp3,F minor
061768.mp3,E minor
061772.mp3,C minor
061775.mp3,D# major
061777.mp3,G major
061782.mp3,D major
061854.mp3,D# major
061863.mp3,D major
061890.mp3,F# major
062042.mp3,F minor
062164.mp3,Bb major
062171.mp3,D minor
062184.mp3,G# major
062188.mp3,D# major
062375.mp3,F minor
062381.mp3,F# minor
062418.mp3,D major
062587.mp3,E major
062637.mp3,C minor
062640.mp3,G major
062641.mp3,C minor
062642.mp3,E minor
062643.mp3,G minor
062645.mp3,E minor
062647.mp3,A minor
062648.mp3,D minor
062665.mp3,A minor
062666.mp3,A minor
062667.mp3,D minor
062670.mp3,A minor
062673.mp3,B minor
062687.mp3,D# major
062854.mp3,C minor
062902.mp3,A major
062904.mp3,A major
062905.mp3,Bb major
062906.mp3,D# major
062907.mp3,B minor
062908.mp3,G major
062909.mp3,D major
062910.mp3,A major
062911.mp3,A minor
063039.mp3,B major
063098.mp3,C major
063147.mp3,A minor
063224.mp3,Bb major
063227.mp3,A major
063228.mp3,C major
063229.mp3,G minor
063260.mp3,E minor
063261.mp3,A minor
063263.mp3,E minor
063411.mp3,G major
063464.mp3,G major
063470.mp3,F# minor
063477.mp3,G major
063481.mp3,F major
063732.mp3,F major
063734.mp3,D# minor
063752.mp3,F minor
063753.mp3,C major
063754.mp3,D minor
063757.mp3,C major
063758.mp3,B minor
063762.mp3,C major
063768.mp3,D# major
063769.mp3,C# major
063770.mp3,A minor
063789.mp3,A major
063929.mp3,F minor
063934.mp3,C major
063965.mp3,A minor
063966.mp3,F minor
063968.mp3,D minor
063969.mp3,C minor
063971.mp3,D minor
063979.mp3,D major
063998.mp3,E minor
063999.mp3,F minor
064005.mp3,C minor
064006.mp3,E minor
064007.mp3,E minor
064008.mp3,E minor
064041.mp3,Bb minor
064044.mp3,A minor
064046.mp3,A minor
064158.mp3,F# major
064160.mp3,A minor
064161.mp3,C minor
064162.mp3,C minor
064163.mp3,Bb minor
064164.mp3,E minor
064165.mp3,E major
064167.mp3,C major
064227.mp3,D major
064238.mp3,G minor
064255.mp3,E major
064264.mp3,C major
064265.mp3,C minor
064267.mp3,C major
064270.mp3,C# major
064275.mp3,A major
064361.mp3,D minor
064362.mp3,G minor
064363.mp3,G major
064423.mp3,G major
064576.mp3,F major
064592.mp3,D major
064804.mp3,C minor
064952.mp3,C major
064953.mp3,Bb major
064954.mp3,G minor
064955.mp3,C# major
064956.mp3,C# major
064998.mp3,D minor
064999.mp3,D major
065000.mp3,E minor
065002.mp3,B major
065038.mp3,D major
065039.mp3,F# minor
065089.mp3,C major
065154.mp3,C major
065217.mp3,D minor
065220.mp3,C major
065412.mp3,D major
065416.mp3,D minor
065417.mp3,A minor
065472.mp3,A minor
065475.mp3,D major
065605.mp3,C major
065652.mp3,G major
065656.mp3,G major
065657.mp3,G minor
065658.mp3,G major
065659.mp3,G major
065660.mp3,G major
065661.mp3,G minor
065662.mp3,G major
065663.mp3,G major
065665.mp3,G major
065666.mp3,G major
065667.mp3,G minor
065668.mp3,G major
065669.mp3,G major
065670.mp3,G major
065671.mp3,G major
065672.mp3,G major
065673.mp3,G major
065674.mp3,G major
065676.mp3,G major
065678.mp3,G major
065682.mp3,G major
065683.mp3,F# minor
065749.mp3,C minor
065755.mp3,C major
065781.mp3,F minor
065782.mp3,F minor
065783.mp3,G minor
065787.mp3,C# minor
065788.mp3,C minor
065789.mp3,F minor
065791.mp3,D# minor
065792.mp3,F# minor
065793.mp3,C minor
065794.mp3,G# minor
065796.mp3,F# minor
065872.mp3,D major
065874.mp3,E minor
065876.mp3,A minor
065877.mp3,B minor
065878.mp3,E minor
065879.mp3,D major
065880.mp3,F major
065890.mp3,A minor
065891.mp3,B minor
065892.mp3,B minor
065893.mp3,E minor
065991.mp3,C major
065992.mp3,C major
065993.mp3,F major
065994.mp3,C major
065996.mp3,C major
066011.mp3,B minor
066049.mp3,F# major
066050.mp3,B major
066051.mp3,C# major
066052.mp3,C# major
066053.mp3,G# major
066054.mp3,E minor
066056.mp3,F major
066057.mp3,D# major
066073.mp3,C major
066074.mp3,A major
066075.mp3,F major
066076.mp3,A minor
066078.mp3,G major
066081.mp3,B minor
066082.mp3,G major
066083.mp3,Bb major
066084.mp3,G major
066086.mp3,C major
066087.mp3,A minor
066089.mp3,B minor
066090.mp3,B minor
066091.mp3,D minor
066093.mp3,D minor
066094.mp3,E minor
066095.mp3,B minor
066096.mp3,A minor
066097.mp3,B minor
066098.mp3,C major
066099.mp3,B major
066100.mp3,F# minor
066112.mp3,E major
066113.mp3,F major
066114.mp3,F major
066130.mp3,D major
066131.mp3,F# major
066134.mp3,C major
066136.mp3,C major
066137.mp3,C major
066138.mp3,C major
066141.mp3,C major
066142.mp3,D major
066143.mp3,G minor
066144.mp3,C major
066150.mp3,B major
066177.mp3,A minor
066178.mp3,D# major
066179.mp3,A major
066180.mp3,A major
066182.mp3,Bb major
066183.mp3,F major
066184.mp3,B major
066185.mp3,F major
066186.mp3,F# major
066187.mp3,C# major
066188.mp3,C major
066193.mp3,D major
066201.mp3,E minor
066303.mp3,C major
066314.mp3,F major
066315.mp3,G minor
066316.mp3,E major
066317.mp3,F# major
066318.mp3,A major
066319.mp3,F# major
066320.mp3,G major
066321.mp3,A major
066322.mp3,B major
066323.mp3,D major
066324.mp3,G major
066375.mp3,A minor
066389.mp3,G major
066390.mp3,F major
066392.mp3,G major
066395.mp3,A minor
066401.mp3,Bb major
066402.mp3,Bb major
066406.mp3,A major
066408.mp3,D major
066409.mp3,G major
066414.mp3,B major
066415.mp3,E major
066416.mp3,C major
066417.mp3,C major
066418.mp3,Bb major
066420.mp3,G# major
066421.mp3,C major
066422.mp3,C major
066436.mp3,C minor
066437.mp3,Bb major
066441.mp3,D major
066459.mp3,G major
066493.mp3,G# major
066495.mp3,C major
066510.mp3,A minor
066516.mp3,D minor
066518.mp3,A minor
066519.mp3,D# major
066524.mp3,C major
066542.mp3,G# major
066543.mp3,C# major
066544.mp3,G minor
066545.mp3,C# major
066546.mp3,C# major
066547.mp3,D# major
066659.mp3,A major
066660.mp3,A major
066723.mp3,F minor
066724.mp3,C major
066739.mp3,F major
066740.mp3,A minor
066741.mp3,C# minor
066744.mp3,B major
066748.mp3,D# minor
066752.mp3,G major
066753.mp3,D major
066756.mp3,C major
066757.mp3,C major
066766.mp3,Bb major
066851.mp3,C# minor
066853.mp3,C minor
066856.mp3,B major
066857.mp3,C# minor
066858.mp3,D# major
066859.mp3,C# minor
066860.mp3,D minor
066873.mp3,F minor
066876.mp3,D# minor
066877.mp3,F# minor
066881.mp3,A minor
066882.mp3,F minor
066886.mp3,D# minor
066887.mp3,A minor
066895.mp3,E major
066896.mp3,D minor
066903.mp3,D major
066904.mp3,B minor
066905.mp3,C# minor
066929.mp3,A minor
066933.mp3,A minor
066939.mp3,E minor
066941.mp3,A minor
067051.mp3,A minor
067101.mp3,G minor
067102.mp3,A minor
067106.mp3,D# minor
067121.mp3,D minor
067236.mp3,Bb major
067257.mp3,E major
067286.mp3,A major
067287.mp3,A major
067288.mp3,D major
067289.mp3,E major
067291.mp3,C major
067292.mp3,A major
067293.mp3,G major
067294.mp3,A major
067298.mp3,G minor
067300.mp3,C minor
067302.mp3,A minor
067303.mp3,A major
067306.mp3,F minor
067329.mp3,F# minor
067330.mp3,E major
067332.mp3,E major
067333.mp3,E major
067334.mp3,E major
067335.mp3,C major
067336.mp3,C major
067363.mp3,D# major
067464.mp3,G minor
067465.mp3,C major
067466.mp3,E minor
067467.mp3,D# minor
067472.mp3,A major
067473.mp3,A minor
067474.mp3,G# major
067547.mp3,F minor
067552.mp3,A minor
067579.mp3,G# minor
067581.mp3,C# minor
067653.mp3,C minor
067654.mp3,D major
067656.mp3,A minor
067658.mp3,B minor
067660.mp3,D# minor
067744.mp3,A minor
067831.mp3,D minor
067836.mp3,A minor
067837.mp3,D minor
067838.mp3,E minor
067840.mp3,C major
068187.mp3,C major
068189.mp3,D# major
068192.mp3,Bb major
068194.mp3,D major
068195.mp3,B minor
068196.mp3,E major
068253.mp3,A minor
068255.mp3,C# minor
068256.mp3,G minor
068260.mp3,G minor
068278.mp3,A major
068279.mp3,C major
068280.mp3,C major
068281.mp3,D major
068413.mp3,E major
068414.mp3,C major
068416.mp3,G major
068419.mp3,D major
068420.mp3,C major
068424.mp3,E minor
068426.mp3,C# minor
068428.mp3,F minor
068429.mp3,C minor
068434.mp3,D major
068456.mp3,A minor
068459.mp3,G# major
068582.mp3,A major
068583.mp3,D major
068584.mp3,E major
068586.mp3,A minor
068777.mp3,D minor
068778.mp3,F major
068910.mp3,D minor
068911.mp3,C minor
068912.mp3,A minor
068913.mp3,A minor
068914.mp3,A minor
068915.mp3,E minor
068916.mp3,F minor
068917.mp3,C minor
068918.mp3,A minor
068919.mp3,E major
068942.mp3,B minor
068948.mp3,D minor
068949.mp3,F minor
068950.mp3,D major
069011.mp3,F minor
069012.mp3,A minor
069064.mp3,E major
069065.mp3,E major
069067.mp3,C# minor
069068.mp3,F minor
069072.mp3,D minor
069073.mp3,C major
069176.mp3,F major
069214.mp3,F major
069226.mp3,C minor
069233.mp3,Bb major
069234.mp3,C major
069235.mp3,G# major
069237.mp3,C# major
069238.mp3,F# major
069240.mp3,C major
069242.mp3,F# major
069244.mp3,Bb major
069245.mp3,C major
069246.mp3,C major
069247.mp3,C major
069248.mp3,E major
069250.mp3,F major
069259.mp3,D major
069314.mp3,D major
069319.mp3,G major
069323.mp3,D major
069330.mp3,D major
069458.mp3,A major
069576.mp3,C minor
069588.mp3,F minor
069590.mp3,A minor
069593.mp3,G minor
069594.mp3,A minor
069601.mp3,E major
069607.mp3,B minor
069608.mp3,G major
069609.mp3,D# major
069610.mp3,C major
069611.mp3,F# major
069612.mp3,Bb major
069781.mp3,B major
069904.mp3,D minor
069932.mp3,A major
069937.mp3,B major
069941.mp3,C# major
070048.mp3,A major
070050.mp3,G minor
070051.mp3,Bb major
070052.mp3,D minor
070053.mp3,G minor
070054.mp3,A minor
070056.mp3,E major
070057.mp3,D major
070058.mp3,E major
070059.mp3,B minor
070060.mp3,B minor
070061.mp3,G# major
070103.mp3,C# minor
070191.mp3,A major
070194.mp3,G# major
070213.mp3,D# major
070215.mp3,A major
070221.mp3,C minor
070227.mp3,B minor
070229.mp3,E minor
070244.mp3,G major
070302.mp3,G# major
070304.mp3,D# minor
070403.mp3,G minor
070673.mp3,F minor
070713.mp3,C minor
070717.mp3,E major
070719.mp3,C# major
070883.mp3,F# major
070887.mp3,F major
071009.mp3,F# minor
071226.mp3,D minor
071229.mp3,Bb minor
071231.mp3,A minor
071256.mp3,D minor
071257.mp3,D minor
071261.mp3,D minor
071262.mp3,A minor
071263.mp3,A minor
071264.mp3,D minor
071266.mp3,A major
071334.mp3,C major
071363.mp3,A minor
071364.mp3,A minor
071365.mp3,A minor
071366.mp3,A minor
071367.mp3,C major
071368.mp3,A minor
071369.mp3,A minor
071370.mp3,E minor
071371.mp3,A minor
071372.mp3,C major
071488.mp3,E major
071504.mp3,E minor
071506.mp3,B major
071511.mp3,C major
071515.mp3,A minor
071516.mp3,A major
071517.mp3,C major
071582.mp3,F major
071583.mp3,A major
071584.mp3,F# major
071585.mp3,D major
071697.mp3,Bb minor
071698.mp3,C# minor
071700.mp3,B major
071701.mp3,A minor
071702.mp3,D minor
071703.mp3,D minor
071855.mp3,G major
071957.mp3,E minor
072017.mp3,C major
072020.mp3,A minor
072022.mp3,F major
072046.mp3,D major
072047.mp3,D major
072048.mp3,F# minor
072049.mp3,C major
072051.mp3,G major
072053.mp3,Bb major
072055.mp3,G major
072056.mp3,G major
072057.mp3,A major
072110.mp3,G minor
072113.mp3,E minor
072115.mp3,G minor
072206.mp3,D minor
072245.mp3,G minor
072246.mp3,G major
072248.mp3,F minor
072255.mp3,D# minor
072313.mp3,D minor
072359.mp3,C# minor
072360.mp3,B major
072436.mp3,D major
072451.mp3,D major
072474.mp3,F minor
072475.mp3,F major
072477.mp3,C# minor
072480.mp3,G minor
072615.mp3,C major
072623.mp3,C# minor
072624.mp3,G minor
072634.mp3,G# minor
072686.mp3,C# major
072997.mp3,B minor
073069.mp3,C minor
073114.mp3,D major
073181.mp3,G# major
073419.mp3,C major
073420.mp3,D major
073422.mp3,G# major
073423.mp3,B minor
073425.mp3,E major
073428.mp3,F major
073431.mp3,G major
073432.mp3,A major
073435.mp3,A minor
073437.mp3,C major
073492.mp3,D major
073495.mp3,B minor
073687.mp3,E major
073689.mp3,A major
073693.mp3,A major
073696.mp3,G# major
073704.mp3,G major
073741.mp3,G# major
073758.mp3,A major
073761.mp3,F major
073763.mp3,C minor
073768.mp3,B major
073770.mp3,A major
073772.mp3,G# major
073774.mp3,A major
073788.mp3,Bb major
073789.mp3,C major
073792.mp3,A major
073806.mp3,F minor
073809.mp3,A minor
073836.mp3,E major
073866.mp3,D major
073868.mp3,D minor
073875.mp3,C# major
073941.mp3,D minor
073942.mp3,F# minor
073943.mp3,F minor
073944.mp3,Bb minor
073946.mp3,B major
073948.mp3,C# major
073950.mp3,A major
073951.mp3,E minor
073952.mp3,D minor
073953.mp3,A minor
073954.mp3,D major
073955.mp3,E minor
073956.mp3,A minor
073957.mp3,G minor
073958.mp3,F major
073959.mp3,F major
073964.mp3,C major
073965.mp3,G# major
073966.mp3,D# minor
073967.mp3,G major
073968.mp3,Bb major
073969.mp3,G major
073970.mp3,E major
073971.mp3,C# major
073973.mp3,D# minor
073976.mp3,D minor
073977.mp3,D minor
074090.mp3,D# major
074111.mp3,G# major
074113.mp3,A minor
074146.mp3,C major
074148.mp3,F major
074149.mp3,A minor
074192.mp3,D# major
074208.mp3,G minor
074214.mp3,C minor
074340.mp3,A minor
074378.mp3,C major
074383.mp3,E major
074384.mp3,E major
074386.mp3,G major
074393.mp3,Bb minor
074474.mp3,D minor
074506.mp3,F major
074508.mp3,Bb minor
074509.mp3,C major
074510.mp3,D major
074512.mp3,D# major
074514.mp3,A major
074515.mp3,D major
074516.mp3,F major
074517.mp3,G major
074518.mp3,A major
074528.mp3,D major
074529.mp3,D major
074531.mp3,D major
074532.mp3,F major
074533.mp3,B minor
074535.mp3,D major
074536.mp3,D major
074537.mp3,G major
074552.mp3,F minor
074556.mp3,A major
074691.mp3,E minor
074692.mp3,A minor
074694.mp3,G major
074695.mp3,C major
074817.mp3,E minor
074853.mp3,F# minor
074856.mp3,G major
074857.mp3,F major
074864.mp3,A major
074867.mp3,A major
074868.mp3,E minor
074897.mp3,C minor
074898.mp3,C minor
074899.mp3,G minor
074901.mp3,C minor
074906.mp3,C minor
074925.mp3,C major
074937.mp3,C major
074938.mp3,F major
075049.mp3,D minor
075051.mp3,E major
075052.mp3,D minor
075053.mp3,G major
075055.mp3,F minor
075056.mp3,D major
075057.mp3,E major
075059.mp3,C major
075060.mp3,D major
075061.mp3,D major
075231.mp3,D major
075232.mp3,E minor
075233.mp3,B major
075234.mp3,F# major
075238.mp3,D# minor
075244.mp3,D# minor
075265.mp3,F minor
075267.mp3,E minor
075268.mp3,D minor
075269.mp3,C minor
075270.mp3,E minor
075271.mp3,D# minor
075272.mp3,E minor
075273.mp3,A minor
075276.mp3,E minor
075372.mp3,C# minor
075374.mp3,D minor
075376.mp3,C# minor
075377.mp3,A major
075378.mp3,C minor
075379.mp3,G minor
075381.mp3,A minor
075384.mp3,B minor
075385.mp3,F# minor
075387.mp3,D# minor
075389.mp3,F minor
075393.mp3,B minor
075394.mp3,G# minor
075395.mp3,D minor
075396.mp3,E minor
075413.mp3,C# minor
075414.mp3,G minor
075416.mp3,F# minor
075417.mp3,G# major
075419.mp3,B minor
075422.mp3,G# minor
075424.mp3,E minor
075429.mp3,D minor
075430.mp3,F# major
075431.mp3,D minor
075432.mp3,D minor
075433.mp3,D minor
075434.mp3,D minor
075435.mp3,D minor
075436.mp3,Bb major
075437.mp3,D minor
075439.mp3,D minor
075440.mp3,D minor
075441.mp3,D minor
075443.mp3,D minor
075454.mp3,A minor
075456.mp3,D minor
075458.mp3,A minor
075475.mp3,C major
075476.mp3,F minor
075578.mp3,A major
075579.mp3,D major
075580.mp3,D# major
075581.mp3,C major
075582.mp3,C major
075583.mp3,C major
075585.mp3,G# major
075586.mp3,C major
075587.mp3,Bb major
075588.mp3,C major
075589.mp3,G major
075626.mp3,E minor
075680.mp3,C# minor
075681.mp3,E minor
075682.mp3,G# major
075683.mp3,G major
075684.mp3,C major
075685.mp3,D major
075686.mp3,C# minor
075692.mp3,D major
075693.mp3,D major
075746.mp3,G# minor
075900.mp3,D# major
075901.mp3,C# major
075903.mp3,G# minor
075904.mp3,Bb major
075905.mp3,B major
075906.mp3,Bb major
075909.mp3,D# minor
075910.mp3,Bb major
075978.mp3,G major
076082.mp3,E minor
076117.mp3,F major
076128.mp3,D# major
076129.mp3,D minor
076130.mp3,C major
076131.mp3,D major
076236.mp3,C# major
076239.mp3,C minor
076240.mp3,B minor
076241.mp3,B minor
076243.mp3,F major
076244.mp3,F# major
076247.mp3,F major
076248.mp3,G major
076252.mp3,C major
076281.mp3,E minor
076282.mp3,G major
076283.mp3,F major
076284.mp3,C major
076285.mp3,G# minor
076286.mp3,F major
076287.mp3,C# major
076288.mp3,G minor
076349.mp3,Bb major
076351.mp3,C major
076352.mp3,A major
076353.mp3,F minor
076354.mp3,Bb major
076355.mp3,D# major
076356.mp3,C major
076357.mp3,D# major
076478.mp3,G# minor
076479.mp3,D# minor
076482.mp3,A minor
076486.mp3,C# minor
076490.mp3,E minor
076491.mp3,B minor
076497.mp3,E minor
076499.mp3,D minor
076500.mp3,E minor
076501.mp3,E minor
076504.mp3,E major
076506.mp3,E minor
076509.mp3,B minor
076511.mp3,D# major
076513.mp3,B minor
077233.mp3,C major
077234.mp3,E major
077235.mp3,C major
077236.mp3,G major
077304.mp3,D minor
077308.mp3,C major
077309.mp3,B major
077311.mp3,C major
077312.mp3,D major
077315.mp3,C major
077316.mp3,C major
077317.mp3,C major
077374.mp3,F minor
077375.mp3,E minor
077376.mp3,E minor
077377.mp3,F major
077378.mp3,C major
077379.mp3,A major
077380.mp3,F major
077382.mp3,E minor
077385.mp3,D# minor
077386.mp3,G minor
077548.mp3,G# minor
077549.mp3,E minor
077550.mp3,Bb minor
077564.mp3,D minor
077566.mp3,G minor
077573.mp3,D major
077577.mp3,F# minor
077825.mp3,G# major
077826.mp3,D minor
077831.mp3,A minor
077832.mp3,G# minor
077833.mp3,F major
078067.mp3,B major
078096.mp3,C minor
078099.mp3,F# minor
078100.mp3,A minor
078101.mp3,F# minor
078102.mp3,C minor
078104.mp3,D minor
078207.mp3,A major
078244.mp3,C minor
078249.mp3,G minor
078252.mp3,B minor
078834.mp3,A minor
078835.mp3,A minor
078836.mp3,A minor
078839.mp3,A minor
078840.mp3,E minor
078843.mp3,G# minor
078845.mp3,A minor
078847.mp3,A minor
078848.mp3,C minor
078852.mp3,A minor
079339.mp3,D# minor
079340.mp3,C minor
079344.mp3,C minor
079363.mp3,D major
079364.mp3,E major
079365.mp3,G major
079366.mp3,G major
079367.mp3,B major
079368.mp3,E major
079369.mp3,E major
079372.mp3,E minor
079604.mp3,F minor
079731.mp3,D major
079733.mp3,D major
079734.mp3,D major
079736.mp3,E major
079744.mp3,D major
079745.mp3,E major
079746.mp3,A major
079749.mp3,E minor
079753.mp3,E major
079754.mp3,E major
079755.mp3,B major
079756.mp3,G major
079757.mp3,G major
079758.mp3,D major
079759.mp3,E major
079760.mp3,D minor
079784.mp3,E minor
079799.mp3,G major
079895.mp3,F major
080000.mp3,G major
080001.mp3,D major
080002.mp3,F# major
080005.mp3,E major
080076.mp3,F# minor
080087.mp3,G major
080088.mp3,Bb major
080089.mp3,C# major
080090.mp3,B major
080091.mp3,C major
080142.mp3,D# minor
080145.mp3,C major
080159.mp3,F major
080162.mp3,Bb major
080163.mp3,D# major
080239.mp3,E major
080301.mp3,D minor
080307.mp3,E minor
080311.mp3,G major
080312.mp3,B minor
080426.mp3,D minor
080429.mp3,C minor
080439.mp3,G major
080449.mp3,F major
080491.mp3,F minor
080503.mp3,D minor
080783.mp3,D# major
080786.mp3,C major
080793.mp3,C minor
081238.mp3,A major
081241.mp3,C minor
081243.mp3,D major
081244.mp3,G major
081246.mp3,A major
081248.mp3,E major
081252.mp3,C major
081355.mp3,E major
081356.mp3,Bb major
081357.mp3,Bb major
081364.mp3,A major
081368.mp3,C# major
081370.mp3,E major
081382.mp3,G minor
081450.mp3,C major
081451.mp3,C major
081452.mp3,D major
081454.mp3,A minor
081455.mp3,E major
081461.mp3,B minor
081462.mp3,Bb major
081463.mp3,F major
081465.mp3,C major
081466.mp3,E major
081468.mp3,C minor
081476.mp3,F major
081478.mp3,C major
081479.mp3,F# minor
081480.mp3,B minor
081481.mp3,Bb minor
081483.mp3,B major
081484.mp3,B minor
081487.mp3,G minor
081489.mp3,D major
081490.mp3,C major
081491.mp3,F# minor
081492.mp3,G# major
081493.mp3,E minor
081495.mp3,E major
081497.mp3,C major
081498.mp3,F major
081499.mp3,E minor
081501.mp3,E major
081504.mp3,D major
081506.mp3,G major
081507.mp3,E major
081508.mp3,E major
081509.mp3,E major
081510.mp3,F major
081511.mp3,B major
081514.mp3,F# major
081516.mp3,A major
081517.mp3,B major
081519.mp3,C major
081520.mp3,D major
081523.mp3,C# minor
081526.mp3,F major
081527.mp3,D major
081528.mp3,D major
081531.mp3,A minor
081532.mp3,G major
081534.mp3,F minor
081536.mp3,B minor
081537.mp3,D major
081538.mp3,G minor
081539.mp3,C# minor
081542.mp3,E minor
081543.mp3,D major
081544.mp3,B minor
081546.mp3,A minor
081547.mp3,D major
081551.mp3,C major
081552.mp3,G minor
081553.mp3,D major
081555.mp3,B major
081558.mp3,E major
081560.mp3,C minor
081562.mp3,A minor
081564.mp3,F minor
081567.mp3,Bb major
081568.mp3,C major
081569.mp3,D# major
081571.mp3,G major
081573.mp3,C major
081575.mp3,A major
081576.mp3,F major
081578.mp3,C minor
081580.mp3,G major
081581.mp3,D minor
081582.mp3,C# minor
081583.mp3,C minor
081584.mp3,Bb minor
081586.mp3,Bb minor
081592.mp3,F minor
081593.mp3,C minor
081596.mp3,A major
081598.mp3,C major
081599.mp3,C major
081600.mp3,C major
081601.mp3,A major
081603.mp3,F minor
081605.mp3,F# major
081606.mp3,C major
081608.mp3,E major
081609.mp3,C major
081611.mp3,B major
081612.mp3,G major
081613.mp3,C major
081614.mp3,D major
081619.mp3,D major
081620.mp3,B major
081625.mp3,D major
081626.mp3,E major
081629.mp3,D major
081632.mp3,E major
081633.mp3,E major
081634.mp3,E major
081635.mp3,C major
081636.mp3,G major
081638.mp3,C major
081640.mp3,E major
081641.mp3,C major
081643.mp3,C# major
081646.mp3,G major
081648.mp3,D major
081649.mp3,A major
081650.mp3,Bb major
081651.mp3,E minor
081652.mp3,E major
081653.mp3,B major
081655.mp3,E minor
081656.mp3,D major
081657.mp3,B major
081658.mp3,Bb major
081661.mp3,A major
081664.mp3,C# major
081665.mp3,C# major
081671.mp3,G# minor
081672.mp3,C# major
081675.mp3,C major
081676.mp3,C# major
081678.mp3,C minor
081680.mp3,B major
081682.mp3,D major
081684.mp3,D# major
081685.mp3,Bb major
081686.mp3,B major
081687.mp3,G major
081688.mp3,B minor
081690.mp3,G minor
081691.mp3,C major
081692.mp3,E minor
081694.mp3,D major
081695.mp3,E minor
081696.mp3,F major
081697.mp3,C major
081701.mp3,C major
081704.mp3,G# major
081710.mp3,A major
081711.mp3,E major
081716.mp3,F major
081717.mp3,D major
081718.mp3,B major
081719.mp3,F major
081720.mp3,C# minor
081721.mp3,A major
081723.mp3,C major
081724.mp3,D major
081727.mp3,D major
081728.mp3,Bb major
081729.mp3,B major
081730.mp3,C major
081731.mp3,B major
081732.mp3,B minor
081733.mp3,C major
081734.mp3,G major
081735.mp3,F major
081738.mp3,D major
081739.mp3,B major
081741.mp3,B major
081742.mp3,A major
081743.mp3,D major
081744.mp3,C major
081745.mp3,F# minor
081746.mp3,D major
081747.mp3,E minor
081751.mp3,C# major
081752.mp3,C major
081753.mp3,A major
081755.mp3,C major
081757.mp3,E minor
081759.mp3,A major
081761.mp3,Bb major
081768.mp3,Bb major
081769.mp3,C# minor
081770.mp3,C major
081771.mp3,C major
081772.mp3,C major
081773.mp3,D minor
081774.mp3,A major
081776.mp3,C major
081777.mp3,C major
081780.mp3,B major
081781.mp3,E major
081782.mp3,C# minor
081786.mp3,C major
081787.mp3,C major
081788.mp3,C major
081789.mp3,B minor
081790.mp3,B major
081791.mp3,D major
081792.mp3,G major
081793.mp3,E minor
081799.mp3,B major
081801.mp3,F# minor
081802.mp3,B major
081803.mp3,F major
081804.mp3,G# major
081805.mp3,Bb major
081806.mp3,C major
081807.mp3,Bb major
081810.mp3,D major
081811.mp3,F# major
081812.mp3,Bb major
081813.mp3,B major
081814.mp3,C major
081815.mp3,E minor
081817.mp3,A major
081819.mp3,A minor
081821.mp3,C major
081822.mp3,B major
081830.mp3,C minor
081831.mp3,E minor
081833.mp3,D minor
081941.mp3,E major
081979.mp3,E major
081980.mp3,C major
081981.mp3,C major
081982.mp3,D minor
081983.mp3,G major
081985.mp3,E major
081987.mp3,F# major
081988.mp3,C major
081989.mp3,G major
081990.mp3,C major
081992.mp3,D major
081993.mp3,C major
081994.mp3,F major
081996.mp3,C minor
081998.mp3,A major
082000.mp3,C# minor
082001.mp3,D minor
082004.mp3,A major
082005.mp3,B major
082007.mp3,D major
082008.mp3,Bb major
082009.mp3,C major
082010.mp3,G major
082011.mp3,A major
082012.mp3,E minor
082054.mp3,F minor
082065.mp3,D minor
082066.mp3,F major
082067.mp3,D minor
082070.mp3,A minor
082499.mp3,D# major
082503.mp3,D# major
082507.mp3,Bb major
082508.mp3,A major
082538.mp3,G minor
082541.mp3,G minor
082556.mp3,A major
082557.mp3,A major
082606.mp3,C# major
082615.mp3,C major
082620.mp3,D major
082621.mp3,A minor
082660.mp3,E minor
082661.mp3,D minor
082668.mp3,A major
082743.mp3,E minor
082858.mp3,D minor
082859.mp3,Bb major
082860.mp3,D# minor
082861.mp3,G minor
082862.mp3,G minor
082865.mp3,A minor
082866.mp3,A minor
082868.mp3,G minor
082869.mp3,A minor
082871.mp3,E minor
082914.mp3,C major
082915.mp3,D major
082916.mp3,C major
082917.mp3,A minor
082918.mp3,D major
082919.mp3,A major
082920.mp3,E major
082921.mp3,Bb minor
082929.mp3,Bb minor
082930.mp3,G major
082933.mp3,B minor
083143.mp3,F minor
083151.mp3,A minor
083152.mp3,G# major
083153.mp3,C minor
083156.mp3,B minor
083157.mp3,B minor
083159.mp3,G minor
083237.mp3,G major
083238.mp3,D# major
083241.mp3,C major
083247.mp3,C major
083252.mp3,E major
083254.mp3,G major
083256.mp3,G major
083257.mp3,Bb major
083258.mp3,E major
083260.mp3,G major
083261.mp3,E major
083262.mp3,G major
083263.mp3,A major
083265.mp3,G major
083266.mp3,D major
083267.mp3,C major
083268.mp3,C major
083269.mp3,F major
083270.mp3,D major
083271.mp3,C major
083272.mp3,F# major
083273.mp3,D# major
083275.mp3,E major
083276.mp3,G major
083277.mp3,A major
083279.mp3,Bb major
083319.mp3,Bb major
083320.mp3,D major
083321.mp3,E major
083322.mp3,C major
083330.mp3,C major
083331.mp3,D# minor
083338.mp3,C# major
083340.mp3,C major
083346.mp3,F# minor
083349.mp3,C minor
083351.mp3,D# minor
083451.mp3,B minor
083452.mp3,D major
083454.mp3,B minor
083456.mp3,D major
083459.mp3,G major
083461.mp3,D major
083462.mp3,F major
083464.mp3,E major
083470.mp3,A major
083569.mp3,D minor
083628.mp3,B major
083634.mp3,B minor
083636.mp3,D major
083638.mp3,G minor
083640.mp3,A minor
083641.mp3,D major
083642.mp3,E major
083643.mp3,A minor
083644.mp3,E major
083645.mp3,E major
083646.mp3,G major
083647.mp3,G minor
083659.mp3,D minor
083662.mp3,G minor
083663.mp3,D minor
083669.mp3,C major
083670.mp3,G# major
083705.mp3,Bb major
083706.mp3,G# minor
083707.mp3,F# major
083708.mp3,E major
083710.mp3,G minor
083715.mp3,G major
083717.mp3,G major
083719.mp3,F# major
083724.mp3,D# major
083727.mp3,D major
083728.mp3,G minor
083729.mp3,B major
083730.mp3,G major
083733.mp3,G major
083735.mp3,B major
083736.mp3,A major
083748.mp3,C minor
083749.mp3,G minor
083813.mp3,D major
083822.mp3,C minor
083859.mp3,E minor
084021.mp3,E minor
084051.mp3,G major
084112.mp3,D major
084113.mp3,D major
084119.mp3,A minor
084121.mp3,C major
084122.mp3,D major
084123.mp3,D# major
084125.mp3,G major
084127.mp3,C minor
084128.mp3,G minor
084131.mp3,F minor
084134.mp3,G minor
084170.mp3,A minor
084171.mp3,C minor
084172.mp3,A minor
084173.mp3,A minor
084196.mp3,F# major
084263.mp3,C major
084276.mp3,B major
084289.mp3,E minor
084468.mp3,B minor
084470.mp3,D minor
084472.mp3,A minor
084476.mp3,E minor
084553.mp3,D major
084554.mp3,D major
084555.mp3,E major
084559.mp3,B minor
084562.mp3,G major
084563.mp3,D major
084564.mp3,F minor
084565.mp3,D major
084566.mp3,E major
084652.mp3,C# major
084654.mp3,F# major
084657.mp3,D major
084736.mp3,E minor
084741.mp3,D minor
084742.mp3,F major
084760.mp3,D major
084763.mp3,F major
084767.mp3,A minor
084770.mp3,D# major
084774.mp3,F# major
084824.mp3,D minor
084825.mp3,E minor
084983.mp3,E minor
084984.mp3,E minor
084985.mp3,B minor
084986.mp3,E minor
084987.mp3,E minor
084988.mp3,A minor
084989.mp3,G major
084990.mp3,C major
084991.mp3,E minor
084992.mp3,A minor
085024.mp3,D major
085289.mp3,D minor
085291.mp3,G minor
085319.mp3,E minor
085320.mp3,D major
085321.mp3,B minor
085322.mp3,B major
085323.mp3,F# major
085325.mp3,G minor
085327.mp3,A minor
085329.mp3,D major
085330.mp3,E major
085331.mp3,B major
085332.mp3,B minor
085333.mp3,G minor
085334.mp3,D major
085335.mp3,D# major
085337.mp3,A minor
085338.mp3,A minor
085339.mp3,G major
085340.mp3,A minor
085388.mp3,C major
085424.mp3,D major
085476.mp3,F minor
085477.mp3,F major
085479.mp3,F major
085480.mp3,A major
085481.mp3,A major
085482.mp3,G major
085483.mp3,D major
085484.mp3,D major
085485.mp3,A major
085486.mp3,G major
085487.mp3,B major
085488.mp3,D# major
085489.mp3,Bb major
085490.mp3,D major
085491.mp3,F# major
085492.mp3,G# minor
085536.mp3,D major
085537.mp3,A minor
085538.mp3,A minor
085592.mp3,G minor
085594.mp3,B minor
085595.mp3,G minor
085597.mp3,B minor
085599.mp3,G minor
085600.mp3,Bb major
085602.mp3,C minor
085697.mp3,A minor
085698.mp3,G major
085757.mp3,G minor
085767.mp3,F major
085768.mp3,C major
085771.mp3,F major
085777.mp3,G minor
085787.mp3,D major
085788.mp3,C major
085789.mp3,D major
085826.mp3,Bb minor
085827.mp3,F minor
085834.mp3,D# minor
085916.mp3,A minor
085918.mp3,F minor
085919.mp3,G minor
085920.mp3,C minor
085921.mp3,D minor
085934.mp3,Bb minor
085937.mp3,B minor
085940.mp3,D major
085942.mp3,D major
085966.mp3,F# minor
086148.mp3,A major
086149.mp3,G# minor
086150.mp3,F minor
086151.mp3,F major
086262.mp3,G minor
086264.mp3,C major
086265.mp3,C major
086266.mp3,C major
086268.mp3,C major
086269.mp3,C major
086270.mp3,C major
086271.mp3,C major
086272.mp3,C major
086273.mp3,F# major
086274.mp3,E minor
086278.mp3,C major
086281.mp3,C major
086283.mp3,C# major
086284.mp3,D major
086285.mp3,C major
086420.mp3,C major
086462.mp3,A minor
086465.mp3,E major
086471.mp3,Bb major
086472.mp3,Bb minor
086473.mp3,F minor
086474.mp3,B minor
086476.mp3,C# minor
086479.mp3,G minor
086480.mp3,B minor
086481.mp3,C major
086482.mp3,D# major
086483.mp3,F# major
086484.mp3,F minor
086485.mp3,G major
086486.mp3,E major
086487.mp3,D# major
086561.mp3,A major
086562.mp3,D minor
086566.mp3,D minor
086582.mp3,E major
086634.mp3,A minor
086678.mp3,B minor
086788.mp3,C minor
086795.mp3,D major
086797.mp3,D# minor
086799.mp3,E minor
086901.mp3,B major
086904.mp3,C minor
086910.mp3,C major
086980.mp3,D# minor
087002.mp3,D major
087019.mp3,F# major
087096.mp3,G minor
087098.mp3,C minor
087099.mp3,B major
087100.mp3,C major
087103.mp3,A major
087107.mp3,C minor
087114.mp3,G major
087115.mp3,C major
087116.mp3,D minor
087122.mp3,E major
087123.mp3,C major
087157.mp3,C minor
087158.mp3,C minor
087159.mp3,C minor
087185.mp3,E major
087186.mp3,C major
087187.mp3,E major
087188.mp3,F# major
087189.mp3,D major
087190.mp3,G minor
087191.mp3,C major
087192.mp3,E major
087193.mp3,C major
087194.mp3,G major
087220.mp3,C minor
087221.mp3,E minor
087225.mp3,C minor
087235.mp3,G minor
087236.mp3,Bb minor
087237.mp3,Bb minor
087258.mp3,F# minor
087260.mp3,C# minor
087261.mp3,B minor
087262.mp3,C# minor
087275.mp3,D minor
087359.mp3,A major
087361.mp3,E minor
087372.mp3,E major
087373.mp3,D major
087374.mp3,A major
087407.mp3,B major
087408.mp3,G# major
087409.mp3,G# major
087547.mp3,F major
087562.mp3,C major
087563.mp3,F major
087568.mp3,D# major
087572.mp3,A minor
087575.mp3,D# minor
087576.mp3,A minor
087794.mp3,F major
087795.mp3,Bb minor
087798.mp3,G# minor
087940.mp3,C major
087944.mp3,E major
088114.mp3,C# major
088433.mp3,G minor
088434.mp3,C# minor
088812.mp3,C minor
088846.mp3,E minor
088848.mp3,F major
088854.mp3,F minor
088856.mp3,C# minor
088858.mp3,G# minor
088860.mp3,G major
088861.mp3,B major
088864.mp3,C minor
088867.mp3,A major
088868.mp3,E major
088918.mp3,E major
088925.mp3,C# major
088926.mp3,E major
089028.mp3,C minor
089029.mp3,C# minor
089032.mp3,Bb major
089034.mp3,C minor
089035.mp3,G# minor
089188.mp3,C major
089197.mp3,G minor
089201.mp3,G# minor
089211.mp3,C minor
089217.mp3,C major
089218.mp3,G major
089223.mp3,C major
089225.mp3,C major
089231.mp3,C major
089239.mp3,D minor
089241.mp3,C major
089244.mp3,B major
089246.mp3,Bb major
089255.mp3,C major
089262.mp3,A minor
089292.mp3,F# major
089297.mp3,C major
089298.mp3,G# major
089300.mp3,F# major
089301.mp3,F major
089302.mp3,C major
089306.mp3,F# major
089308.mp3,E major
089309.mp3,D minor
089310.mp3,G major
089312.mp3,E major
089314.mp3,G major
089316.mp3,F# major
089344.mp3,G major
089429.mp3,C major
089433.mp3,A minor
089440.mp3,F major
089441.mp3,C major
089477.mp3,F# minor
089619.mp3,G major
089663.mp3,A major
089665.mp3,G major
089702.mp3,F major
089758.mp3,C major
089795.mp3,A minor
089796.mp3,C major
089818.mp3,A minor
089863.mp3,E major
089867.mp3,F major
089876.mp3,B minor
089887.mp3,G minor
089888.mp3,G minor
090047.mp3,B major
090048.mp3,E major
090068.mp3,D major
090070.mp3,D major
090406.mp3,C# minor
090411.mp3,B minor
090444.mp3,A major
090451.mp3,E major
090504.mp3,C major
090523.mp3,F major
090524.mp3,D major
090530.mp3,C# major
090593.mp3,D major
090600.mp3,E major
090604.mp3,A minor
090606.mp3,F minor
090616.mp3,A major
090618.mp3,D# major
090649.mp3,B minor
090690.mp3,F minor
090691.mp3,C minor
090692.mp3,Bb minor
090693.mp3,F minor
090744.mp3,E minor
090746.mp3,C minor
090750.mp3,A minor
090755.mp3,D# major
090787.mp3,F# major
090807.mp3,C major
090808.mp3,E minor
090809.mp3,A minor
090829.mp3,D major
090831.mp3,D major
090918.mp3,C# minor
090920.mp3,E minor
090921.mp3,E major
090923.mp3,E minor
090927.mp3,F major
090961.mp3,D# major
090972.mp3,F minor
090973.mp3,D major
090974.mp3,C major
090975.mp3,G minor
091004.mp3,B minor
091049.mp3,D major
091062.mp3,G major
091082.mp3,C minor
091083.mp3,C minor
091089.mp3,C minor
091099.mp3,E minor
091126.mp3,F minor
091134.mp3,Bb minor
091165.mp3,A major
091168.mp3,C major
091170.mp3,B minor
091171.mp3,C minor
091172.mp3,C# minor
091175.mp3,C# minor
091176.mp3,C minor
091205.mp3,C minor
091262.mp3,E minor
091263.mp3,D# major
091264.mp3,F major
091265.mp3,D# major
091268.mp3,C major
091272.mp3,F major
091277.mp3,A minor
091280.mp3,F# major
091281.mp3,Bb major
091359.mp3,D# minor
091368.mp3,Bb minor
091370.mp3,B minor
091371.mp3,G# minor
091373.mp3,G major
091374.mp3,D major
091375.mp3,C# minor
091380.mp3,F# minor
091381.mp3,E major
091382.mp3,C# minor
091383.mp3,Bb minor
091384.mp3,C major
091386.mp3,C major
091388.mp3,C# major
091389.mp3,G# major
091390.mp3,F# minor
091391.mp3,F major
091393.mp3,C# major
091394.mp3,C# minor
091395.mp3,D# minor
091398.mp3,E major
091436.mp3,A minor
091440.mp3,E major
091457.mp3,G major
091472.mp3,D# minor
091473.mp3,F# major
091474.mp3,B major
091476.mp3,E minor
091477.mp3,E minor
091479.mp3,E minor
091480.mp3,F# minor
091482.mp3,E major
091483.mp3,B major
091494.mp3,A major
091574.mp3,B minor
091575.mp3,F# minor
091598.mp3,G minor
091600.mp3,G major
091601.mp3,D major
091709.mp3,G minor
091711.mp3,D minor
091713.mp3,E major
091714.mp3,G major
091716.mp3,C minor
091717.mp3,G major
091724.mp3,D major
091725.mp3,E major
091726.mp3,G major
091728.mp3,F major
091731.mp3,E minor
091732.mp3,G minor
091733.mp3,E major
091734.mp3,E minor
091736.mp3,Bb minor
091738.mp3,G# minor
091739.mp3,F minor
091823.mp3,B major
091824.mp3,D major
091826.mp3,D major
091828.mp3,G major
091830.mp3,A minor
091840.mp3,A minor
091844.mp3,F minor
091849.mp3,A minor
091850.mp3,D minor
091851.mp3,D minor
091886.mp3,A minor
091891.mp3,E minor
091965.mp3,F major
091968.mp3,A minor
091969.mp3,G major
092023.mp3,E major
092025.mp3,B major
092026.mp3,D major
092027.mp3,E major
092028.mp3,E minor
092031.mp3,E major
092032.mp3,G major
092033.mp3,G major
092150.mp3,D# major
092151.mp3,G major
092152.mp3,G major
092153.mp3,D# major
092154.mp3,G major
092155.mp3,G minor
092156.mp3,D major
092157.mp3,E major
092158.mp3,C# major
092159.mp3,C major
092160.mp3,C major
092161.mp3,E major
092162.mp3,B minor
092176.mp3,D minor
092177.mp3,D major
092178.mp3,E major
092179.mp3,F major
092180.mp3,G major
092181.mp3,G major
092182.mp3,C major
092183.mp3,G major
092184.mp3,Bb major
092185.mp3,E minor
092187.mp3,G major
092325.mp3,C major
092375.mp3,F# minor
092379.mp3,G# minor
092380.mp3,F major
092381.mp3,B major
092397.mp3,A minor
092401.mp3,E minor
092423.mp3,G minor
092463.mp3,C major
092517.mp3,A minor
092596.mp3,F minor
092597.mp3,F# major
092598.mp3,C minor
092719.mp3,C# major
092720.mp3,C# minor
092721.mp3,F major
092722.mp3,C# minor
092723.mp3,E minor
092725.mp3,A minor
092726.mp3,D# major
092727.mp3,F major
092728.mp3,Bb minor
092759.mp3,A minor
092761.mp3,C# major
092762.mp3,F minor
092765.mp3,B minor
092824.mp3,G minor
092867.mp3,F minor
092947.mp3,C# minor
092949.mp3,C minor
092950.mp3,C minor
092952.mp3,C minor
092954.mp3,C minor
092955.mp3,G minor
093024.mp3,A major
093032.mp3,F# minor
093053.mp3,D major
093055.mp3,E major
093056.mp3,B major
093057.mp3,B major
093058.mp3,A major
093074.mp3,A minor
093351.mp3,A minor
093360.mp3,C major
093361.mp3,G minor
093362.mp3,A minor
093363.mp3,C major
093364.mp3,C major
093370.mp3,D minor
093558.mp3,C minor
093716.mp3,E minor
093798.mp3,G major
093801.mp3,C major
093807.mp3,G major
093810.mp3,F# major
093811.mp3,F# major
093815.mp3,G# major
093818.mp3,F major
093821.mp3,E major
093822.mp3,F# major
093823.mp3,F# major
093824.mp3,C major
093825.mp3,D minor
093860.mp3,F major
093863.mp3,A minor
093867.mp3,B major
093868.mp3,G major
093930.mp3,D major
093932.mp3,D major
093934.mp3,F minor
093936.mp3,Bb minor
093937.mp3,C major
093950.mp3,A minor
093951.mp3,F# minor
093952.mp3,E minor
093953.mp3,A major
093959.mp3,B minor
093960.mp3,D minor
093986.mp3,A minor
094126.mp3,F major
094136.mp3,F# minor
094174.mp3,E minor
094175.mp3,G# minor
094177.mp3,Bb minor
094178.mp3,E minor
094198.mp3,C major
094204.mp3,F major
094205.mp3,D minor
094206.mp3,B minor
094207.mp3,D major
094209.mp3,A major
094210.mp3,Bb major
094211.mp3,D# major
094212.mp3,C major
094241.mp3,C minor
094331.mp3,E minor
094357.mp3,F minor
094416.mp3,B minor
094417.mp3,A minor
094419.mp3,E minor
094424.mp3,G major
094433.mp3,G major
094434.mp3,G minor
094436.mp3,G minor
094437.mp3,A minor
094438.mp3,G minor
094439.mp3,E minor
094441.mp3,G minor
094442.mp3,G minor
094444.mp3,E minor
094564.mp3,E major
094619.mp3,C major
094625.mp3,A minor
094652.mp3,A major
094720.mp3,Bb major
094721.mp3,C minor
094723.mp3,B minor
094724.mp3,Bb minor
094788.mp3,C minor
094789.mp3,C minor
094790.mp3,C major
094793.mp3,C major
094794.mp3,C minor
094795.mp3,C minor
094799.mp3,C major
094802.mp3,C minor
095407.mp3,B major
095409.mp3,D minor
095503.mp3,D major
095507.mp3,D major
095602.mp3,F# minor
095603.mp3,G major
095604.mp3,B major
095605.mp3,G# minor
095606.mp3,C major
095631.mp3,F major
095664.mp3,Bb major
095665.mp3,F major
095667.mp3,C major
095668.mp3,A minor
095669.mp3,C major
095670.mp3,C minor
095671.mp3,C major
095724.mp3,F# major
095726.mp3,B major
095756.mp3,G# major
095766.mp3,A major
095767.mp3,D major
095769.mp3,D major
095770.mp3,F# major
095771.mp3,E major
095773.mp3,B major
095777.mp3,E major
095778.mp3,F major
095780.mp3,E major
095781.mp3,C major
095782.mp3,A major
095783.mp3,Bb major
095784.mp3,D minor
095785.mp3,A major
095786.mp3,D minor
095805.mp3,A minor
095807.mp3,C major
095808.mp3,A major
095810.mp3,D major
095813.mp3,D# major
095819.mp3,D# major
095820.mp3,C# major
095821.mp3,Bb major
095822.mp3,C major
095823.mp3,B major
095835.mp3,D major
095846.mp3,C minor
095848.mp3,C major
095849.mp3,C major
095875.mp3,F minor
095893.mp3,E minor
095897.mp3,D major
095908.mp3,F minor
095911.mp3,F minor
095917.mp3,C major
096056.mp3,F minor
096100.mp3,C minor
096147.mp3,G major
096431.mp3,A minor
096432.mp3,E major
096435.mp3,A major
096790.mp3,B major
096792.mp3,E major
096795.mp3,B major
096796.mp3,B major
096797.mp3,D major
096944.mp3,D minor
096946.mp3,A minor
097000.mp3,A major
097001.mp3,B major
097007.mp3,G minor
097013.mp3,B minor
097034.mp3,E minor
097036.mp3,A minor
097039.mp3,E minor
097043.mp3,A minor
097146.mp3,F# major
097147.mp3,C major
097154.mp3,C# major
097164.mp3,F major
097166.mp3,C minor
097167.mp3,C minor
097170.mp3,C major
097171.mp3,G minor
097172.mp3,Bb minor
097173.mp3,D major
097174.mp3,E major
097179.mp3,B major
097190.mp3,D# minor
097192.mp3,C minor
097244.mp3,D minor
097246.mp3,C major
097247.mp3,Bb minor
097255.mp3,C minor
097259.mp3,C minor
097285.mp3,F# minor
097288.mp3,D minor
097291.mp3,E minor
097292.mp3,E minor
097294.mp3,D minor
097400.mp3,E minor
097401.mp3,C minor
097402.mp3,E minor
097404.mp3,D major
097408.mp3,B minor
097409.mp3,B minor
097412.mp3,D minor
097414.mp3,A major
097520.mp3,F minor
097522.mp3,G# minor
097524.mp3,F minor
097525.mp3,E minor
097526.mp3,F minor
097532.mp3,A minor
097534.mp3,A minor
097574.mp3,F# major
097578.mp3,C minor
097589.mp3,E major
097602.mp3,C# major
097603.mp3,F minor
097609.mp3,D minor
097681.mp3,C major
097685.mp3,A major
097687.mp3,A minor
097797.mp3,D minor
097800.mp3,E minor
097806.mp3,A minor
097808.mp3,A minor
097818.mp3,A major
097823.mp3,Bb major
097826.mp3,E minor
097882.mp3,G minor
097891.mp3,C major
097896.mp3,F major
097958.mp3,Bb minor
097959.mp3,A minor
097960.mp3,A minor
097961.mp3,Bb minor
098077.mp3,A minor
098202.mp3,F# minor
098204.mp3,A minor
098206.mp3,A minor
098221.mp3,D# major
098225.mp3,C major
098226.mp3,E major
098323.mp3,D minor
098357.mp3,C major
098358.mp3,G# major
098361.mp3,Bb major
098362.mp3,D# major
098369.mp3,A minor
098372.mp3,C minor
098381.mp3,E major
098482.mp3,C major
098484.mp3,C major
098486.mp3,G major
098487.mp3,E minor
098488.mp3,Bb major
098489.mp3,A minor
098490.mp3,C major
098491.mp3,C major
098547.mp3,E major
098548.mp3,G minor
098549.mp3,Bb minor
098551.mp3,D minor
098552.mp3,F# minor
098553.mp3,D minor
098556.mp3,A minor
098567.mp3,F# minor
098569.mp3,G# major
098603.mp3,D major
098604.mp3,A major
098605.mp3,C major
098606.mp3,D major
098608.mp3,B major
098609.mp3,F major
098610.mp3,A major
098611.mp3,Bb major
098612.mp3,D major
098613.mp3,C minor
098615.mp3,A minor
098616.mp3,A minor
098617.mp3,E minor
098618.mp3,D minor
098619.mp3,E minor
098620.mp3,D minor
098621.mp3,C minor
098622.mp3,E minor
098623.mp3,E minor
098624.mp3,A minor
098625.mp3,A minor
098626.mp3,E minor
098627.mp3,D major
098702.mp3,F minor
098754.mp3,D minor
098756.mp3,G minor
098760.mp3,A major
098761.mp3,G# major
098764.mp3,C minor
098765.mp3,F# major
098766.mp3,D minor
098771.mp3,G minor
098809.mp3,B minor
098837.mp3,A minor
098838.mp3,C minor
098840.mp3,F minor
098841.mp3,F major
098854.mp3,E minor
098855.mp3,Bb minor
098856.mp3,A minor
098857.mp3,Bb minor
098859.mp3,E major
098860.mp3,A minor
098861.mp3,Bb minor
098863.mp3,D# minor
098864.mp3,C minor
098865.mp3,A minor
098867.mp3,G minor
098869.mp3,A minor
098872.mp3,D# minor
098873.mp3,D# minor
098874.mp3,D# minor
098876.mp3,E minor
098877.mp3,E minor
098878.mp3,D# minor
098879.mp3,D# minor
098880.mp3,D# minor
098884.mp3,E minor
098890.mp3,C minor
098891.mp3,E minor
098906.mp3,E minor
098907.mp3,D# minor
098911.mp3,Bb minor
098912.mp3,Bb minor
098915.mp3,F minor
098916.mp3,A minor
098919.mp3,B minor
098921.mp3,C major
098922.mp3,C major
098923.mp3,A minor
098926.mp3,D# minor
098929.mp3,G# minor
098931.mp3,D# minor
098932.mp3,C minor
098933.mp3,E major
098935.mp3,G# minor
098938.mp3,C# minor
098942.mp3,C major
098943.mp3,F# major
098945.mp3,D# minor
098947.mp3,A minor
098948.mp3,D minor
098949.mp3,D# minor
098950.mp3,D minor
098952.mp3,E minor
098953.mp3,Bb minor
098970.mp3,Bb major
098976.mp3,Bb minor
098985.mp3,Bb minor
098987.mp3,F minor
098988.mp3,A minor
098991.mp3,D# minor
098993.mp3,E minor
098995.mp3,C# minor
098998.mp3,B minor
099000.mp3,E minor
099002.mp3,D# minor
099007.mp3,D minor
099010.mp3,C minor
099012.mp3,E minor
099015.mp3,F# major
099016.mp3,E minor
099017.mp3,B minor
099018.mp3,D# minor
099019.mp3,D# minor
099020.mp3,D# minor
099021.mp3,E minor
099022.mp3,Bb minor
099023.mp3,A minor
099024.mp3,Bb minor
099026.mp3,E major
099027.mp3,A minor
099028.mp3,Bb minor
099030.mp3,D# minor
099031.mp3,C minor
099032.mp3,A minor
099033.mp3,A minor
099034.mp3,G minor
099035.mp3,D# minor
099036.mp3,A minor
099039.mp3,D# minor
099040.mp3,D# minor
099041.mp3,D# minor
099049.mp3,A minor
099050.mp3,A minor
099051.mp3,A minor
099052.mp3,B minor
099053.mp3,A minor
099055.mp3,C minor
099279.mp3,A minor
099281.mp3,B minor
099283.mp3,A minor
099284.mp3,C major
099286.mp3,A minor
099288.mp3,A minor
099300.mp3,F major
099302.mp3,C major
099305.mp3,G major
099309.mp3,Bb minor
099311.mp3,E minor
099312.mp3,D# minor
099486.mp3,C# minor
099488.mp3,Bb minor
099489.mp3,A minor
099491.mp3,C# minor
099492.mp3,A minor
099494.mp3,A minor
099519.mp3,A minor
099520.mp3,C minor
099521.mp3,Bb minor
099522.mp3,D# minor
099524.mp3,F major
099565.mp3,B minor
099566.mp3,D major
099567.mp3,G major
099569.mp3,D major
099570.mp3,D major
099614.mp3,D minor
099615.mp3,G minor
099616.mp3,E minor
099617.mp3,D minor
099620.mp3,D minor
100523.mp3,C minor
100524.mp3,F# minor
100527.mp3,G minor
100529.mp3,C minor
100530.mp3,C minor
100539.mp3,C major
100696.mp3,D major
100697.mp3,F major
100698.mp3,E major
100701.mp3,F major
100704.mp3,A major
100709.mp3,G major
100711.mp3,D major
100715.mp3,G major
100717.mp3,C major
100719.mp3,F# major
100768.mp3,C major
100769.mp3,E major
100770.mp3,A major
100771.mp3,D major
100774.mp3,C major
100775.mp3,B major
100776.mp3,C major
100778.mp3,A minor
100779.mp3,E minor
100783.mp3,F major
100784.mp3,B major
100786.mp3,A major
100787.mp3,C major
100788.mp3,G major
100790.mp3,C# minor
100791.mp3,E major
100835.mp3,G minor
100843.mp3,A major
100844.mp3,A major
100848.mp3,E major
100853.mp3,Bb major
100856.mp3,E major
100857.mp3,A major
100860.mp3,C major
100862.mp3,E major
100863.mp3,D major
100865.mp3,C major
100866.mp3,C# minor
100868.mp3,A minor
100876.mp3,D major
100882.mp3,C major
101078.mp3,D major
101265.mp3,F major
101266.mp3,B minor
101269.mp3,F major
101271.mp3,E major
101272.mp3,A minor
101275.mp3,F# major
101276.mp3,A minor
101277.mp3,F# major
101278.mp3,D major
101394.mp3,A minor
101442.mp3,F minor
101443.mp3,E minor
101451.mp3,A minor
101479.mp3,A minor
101483.mp3,F major
101505.mp3,D# major
101507.mp3,A major
101615.mp3,C major
101618.mp3,F minor
101715.mp3,C# major
101731.mp3,A minor
101733.mp3,E minor
101734.mp3,A minor
101738.mp3,A minor
101740.mp3,C major
101743.mp3,G minor
102115.mp3,E minor
102116.mp3,G major
102117.mp3,Bb minor
102118.mp3,A minor
102119.mp3,E minor
102153.mp3,G minor
102154.mp3,A minor
102157.mp3,A minor
102158.mp3,Bb minor
102159.mp3,A minor
102160.mp3,B minor
102163.mp3,D major
102165.mp3,F minor
102167.mp3,A minor
102168.mp3,B major
102170.mp3,D minor
102172.mp3,A minor
102177.mp3,C# major
102184.mp3,F minor
102204.mp3,A minor
102210.mp3,C major
102265.mp3,A major
102266.mp3,G# major
102268.mp3,D minor
102270.mp3,B minor
102271.mp3,B major
102273.mp3,C major
102274.mp3,C major
102275.mp3,B minor
102278.mp3,D minor
102305.mp3,D minor
102342.mp3,D major
102343.mp3,G major
102345.mp3,F# major
102353.mp3,C major
103518.mp3,C major
103519.mp3,D major
103520.mp3,G major
103555.mp3,D minor
103556.mp3,D major
103557.mp3,G minor
103561.mp3,C minor
103595.mp3,Bb major
103596.mp3,F# major
103597.mp3,E major
103598.mp3,C# major
103602.mp3,C minor
103605.mp3,C minor
103621.mp3,A minor
103624.mp3,E minor
103739.mp3,G minor
103818.mp3,A minor
103819.mp3,C minor
103820.mp3,D minor
103821.mp3,C minor
103828.mp3,Bb minor
103829.mp3,G minor
103830.mp3,B minor
103831.mp3,A minor
104146.mp3,D# major
104181.mp3,D# major
104182.mp3,Bb minor
104183.mp3,C# minor
104184.mp3,B major
104185.mp3,F# minor
104187.mp3,Bb minor
104249.mp3,C minor
104252.mp3,A minor
104253.mp3,A minor
104282.mp3,G minor
104284.mp3,E major
104286.mp3,Bb major
104287.mp3,C# major
104289.mp3,F minor
104290.mp3,G# major
104293.mp3,F minor
104294.mp3,A major
104295.mp3,A major
104352.mp3,D major
104384.mp3,E major
104385.mp3,C major
104386.mp3,A major
104392.mp3,A major
104579.mp3,Bb major
104580.mp3,F# major
104585.mp3,B minor
104586.mp3,C# major
104591.mp3,G minor
104592.mp3,E major
104593.mp3,D# minor
104594.mp3,B minor
104596.mp3,A minor
104598.mp3,B minor
104600.mp3,A major
104648.mp3,G major
104680.mp3,D major
104683.mp3,D major
104690.mp3,B minor
104737.mp3,F# minor
104738.mp3,B minor
104740.mp3,G# minor
104750.mp3,G# major
104753.mp3,C# major
104763.mp3,A minor
104764.mp3,F# major
104817.mp3,C major
104818.mp3,G major
104819.mp3,E minor
104823.mp3,F major
104825.mp3,G major
104930.mp3,F# minor
104931.mp3,C minor
105010.mp3,D major
105011.mp3,C major
105012.mp3,D minor
105014.mp3,B minor
105015.mp3,E minor
105016.mp3,B major
105017.mp3,D major
105018.mp3,B major
105019.mp3,D major
105028.mp3,A major
105030.mp3,Bb major
105050.mp3,A major
105051.mp3,C# major
105052.mp3,Bb major
105053.mp3,D# major
105054.mp3,F# major
105055.mp3,F major
105059.mp3,F# major
105060.mp3,C major
105081.mp3,A minor
105256.mp3,B major
105275.mp3,Bb minor
105292.mp3,A major
105365.mp3,E minor
105366.mp3,Bb minor
105367.mp3,E minor
105368.mp3,C minor
105369.mp3,D major
105372.mp3,B minor
105373.mp3,G minor
105374.mp3,F# minor
105375.mp3,E minor
105377.mp3,A minor
105379.mp3,Bb minor
105380.mp3,B minor
105381.mp3,A minor
105382.mp3,G minor
105383.mp3,D# minor
105385.mp3,F minor
105536.mp3,G minor
105538.mp3,A minor
105539.mp3,D minor
105540.mp3,D minor
105541.mp3,C minor
105543.mp3,D minor
105544.mp3,D minor
105559.mp3,F major
105560.mp3,A minor
105663.mp3,C# minor
105664.mp3,A major
105666.mp3,C# minor
105667.mp3,A minor
105668.mp3,G minor
105674.mp3,A minor
105699.mp3,D# minor
105703.mp3,A minor
105757.mp3,G minor
105758.mp3,Bb major
105860.mp3,A minor
105976.mp3,A major
106181.mp3,C major
106190.mp3,D minor
106194.mp3,G major
106242.mp3,G major
106243.mp3,G major
106244.mp3,F# major
106245.mp3,F# major
106246.mp3,F major
106247.mp3,D# major
106248.mp3,E major
106249.mp3,F# major
106250.mp3,C major
106251.mp3,B minor
106254.mp3,F major
106255.mp3,Bb major
106256.mp3,C major
106303.mp3,E major
106336.mp3,F minor
106385.mp3,D minor
106387.mp3,E minor
106391.mp3,C minor
106392.mp3,A minor
106393.mp3,A minor
106418.mp3,C major
106419.mp3,G major
106423.mp3,D minor
106424.mp3,D major
106426.mp3,C major
106433.mp3,B minor
106436.mp3,A minor
106441.mp3,A major
106495.mp3,C minor
106496.mp3,D minor
106514.mp3,C minor
106518.mp3,C# minor
106576.mp3,C# minor
106577.mp3,C minor
106578.mp3,G minor
106580.mp3,C minor
106581.mp3,E minor
106582.mp3,D# minor
106583.mp3,C minor
106584.mp3,C# major
106603.mp3,D# minor
106607.mp3,D minor
106609.mp3,B minor
106633.mp3,F# major
106637.mp3,F# major
106639.mp3,B major
106667.mp3,A minor
106703.mp3,G minor
106716.mp3,A minor
106857.mp3,D# minor
106878.mp3,G# minor
106880.mp3,D# major
106881.mp3,C major
106899.mp3,C minor
106905.mp3,E major
106907.mp3,E minor
106909.mp3,D# minor
106910.mp3,C minor
106927.mp3,C major
106971.mp3,C minor
107033.mp3,G major
107034.mp3,E major
107036.mp3,A major
107037.mp3,D major
107038.mp3,G major
107039.mp3,C major
107040.mp3,D major
107041.mp3,G major
107042.mp3,Bb minor
107043.mp3,D minor
107101.mp3,A major
107102.mp3,D minor
107103.mp3,E major
107104.mp3,C major
107105.mp3,C major
107170.mp3,G# major
107171.mp3,C minor
107172.mp3,G minor
107173.mp3,F minor
107174.mp3,C# major
107175.mp3,C# major
107219.mp3,E minor
107222.mp3,A minor
107259.mp3,F major
107261.mp3,A minor
107265.mp3,B minor
107342.mp3,E major
107344.mp3,G major
107345.mp3,D# major
107346.mp3,E minor
107347.mp3,F# major
107348.mp3,F# minor
107350.mp3,B major
107351.mp3,B major
107352.mp3,C major
107353.mp3,F major
107354.mp3,D# major
107367.mp3,D major
107373.mp3,D minor
107376.mp3,C minor
107383.mp3,D minor
107403.mp3,D minor
107404.mp3,A minor
107424.mp3,A minor
107473.mp3,Bb major
107475.mp3,A minor
107477.mp3,G major
107480.mp3,C minor
107481.mp3,G minor
107482.mp3,A minor
107483.mp3,A minor
107499.mp3,A minor
107502.mp3,A minor
107503.mp3,D minor
107504.mp3,E minor
107505.mp3,B minor
107506.mp3,A minor
107507.mp3,A minor
107515.mp3,G minor
107516.mp3,C minor
107517.mp3,A minor
107519.mp3,A major
107520.mp3,F# major
107521.mp3,C major
107522.mp3,F major
107523.mp3,C major
107524.mp3,B major
107525.mp3,E major
107526.mp3,D# major
107527.mp3,C major
107529.mp3,G major
107613.mp3,G major
107614.mp3,G minor
107616.mp3,G minor
107617.mp3,B minor
107764.mp3,A minor
107802.mp3,D# minor
107803.mp3,D minor
107807.mp3,D minor
107852.mp3,G# major
107853.mp3,Bb minor
107854.mp3,B major
107856.mp3,F minor
107872.mp3,C# major
107874.mp3,D major
107877.mp3,D major
107878.mp3,D major
107881.mp3,D minor
107883.mp3,B minor
107884.mp3,E major
107885.mp3,D major
107891.mp3,E major
107892.mp3,B minor
107896.mp3,E minor
107898.mp3,B minor
107914.mp3,D minor
107915.mp3,E minor
107917.mp3,E minor
107918.mp3,A minor
107920.mp3,E minor
107921.mp3,G minor
107922.mp3,D# minor
107923.mp3,C major
107930.mp3,E minor
107935.mp3,C# minor
107936.mp3,D# major
107937.mp3,A minor
107939.mp3,F# minor
107941.mp3,E minor
107943.mp3,G minor
107945.mp3,D major
107946.mp3,G minor
107949.mp3,D# minor
107950.mp3,F minor
107951.mp3,G major
107952.mp3,D major
107953.mp3,E minor
107954.mp3,G major
107955.mp3,E minor
107956.mp3,D major
107957.mp3,D# minor
107985.mp3,F# minor
107986.mp3,E major
107987.mp3,B major
107988.mp3,C major
107989.mp3,C# major
107991.mp3,A major
107992.mp3,B major
107993.mp3,C major
107994.mp3,D# major
107995.mp3,C# minor
107996.mp3,D minor
107997.mp3,G# major
108002.mp3,E minor
108004.mp3,A minor
108006.mp3,C major
108009.mp3,C minor
108010.mp3,C major
108011.mp3,D minor
108013.mp3,F major
108019.mp3,Bb major
108020.mp3,D# major
108021.mp3,C major
108024.mp3,B major
108025.mp3,Bb major
108029.mp3,C major
108030.mp3,F major
108031.mp3,C major
108032.mp3,C major
108034.mp3,A minor
108035.mp3,A minor
108046.mp3,E major
108149.mp3,E minor
108150.mp3,B minor
108151.mp3,C major
108152.mp3,E minor
108153.mp3,E minor
108154.mp3,C major
108155.mp3,D minor
108156.mp3,D major
108157.mp3,G major
108158.mp3,D# major
108159.mp3,D minor
108160.mp3,C major
108161.mp3,F major
108162.mp3,G major
108163.mp3,Bb minor
108164.mp3,C major
108165.mp3,B major
108166.mp3,A major
108167.mp3,A major
108267.mp3,C major
108268.mp3,C# major
108269.mp3,G major
108270.mp3,D major
108272.mp3,C# minor
108279.mp3,A minor
108280.mp3,C minor
108281.mp3,G minor
108282.mp3,C major
108291.mp3,F major
108294.mp3,G minor
108295.mp3,C major
108297.mp3,D major
108328.mp3,D major
108337.mp3,G major
108339.mp3,C minor
108367.mp3,A minor
108369.mp3,A minor
108370.mp3,G minor
108371.mp3,E minor
108373.mp3,D# major
108374.mp3,D major
108375.mp3,C minor
108376.mp3,C# minor
108391.mp3,E major
108393.mp3,C major
108394.mp3,G# major
108395.mp3,G# major
108396.mp3,F# major
108397.mp3,D major
108398.mp3,D major
108399.mp3,D major
108400.mp3,D# major
108401.mp3,D major
108402.mp3,D major
108403.mp3,C# minor
108404.mp3,G major
108456.mp3,G major
108457.mp3,B major
108458.mp3,G minor
108461.mp3,A minor
108466.mp3,C major
108469.mp3,C minor
108470.mp3,Bb major
108471.mp3,C minor
108472.mp3,E minor
108473.mp3,G# minor
108475.mp3,D minor
108476.mp3,F minor
108477.mp3,C minor
108479.mp3,C minor
108480.mp3,D minor
108482.mp3,D minor
108483.mp3,G# minor
108484.mp3,C minor
108505.mp3,D major
108845.mp3,D# minor
108938.mp3,G minor
108939.mp3,C minor
108941.mp3,D# minor
108951.mp3,E minor
108953.mp3,E minor
108954.mp3,A minor
108956.mp3,G major
108957.mp3,E minor
108958.mp3,E minor
108959.mp3,B minor
108961.mp3,D minor
108962.mp3,A minor
109006.mp3,A minor
109007.mp3,E minor
109022.mp3,C# major
109023.mp3,G# major
109026.mp3,D# major
109027.mp3,D# major
109028.mp3,C# major
109029.mp3,G# major
109030.mp3,C# major
109031.mp3,G# major
109032.mp3,F major
109033.mp3,D# major
109034.mp3,D major
109035.mp3,F minor
109092.mp3,F major
109095.mp3,A minor
109098.mp3,C major
109101.mp3,C major
109102.mp3,C major
109104.mp3,C major
109114.mp3,G major
109116.mp3,D major
109118.mp3,G minor
109119.mp3,A minor
109123.mp3,Bb minor
109124.mp3,Bb minor
109125.mp3,Bb minor
109127.mp3,Bb minor
109128.mp3,Bb minor
109152.mp3,D minor
109193.mp3,C major
109195.mp3,G minor
109196.mp3,C major
109200.mp3,G major
109207.mp3,B minor
109240.mp3,A minor
109252.mp3,D minor
109277.mp3,A minor
109286.mp3,F major
109293.mp3,G minor
109296.mp3,C major
109313.mp3,Bb major
109349.mp3,G minor
109441.mp3,B major
109472.mp3,B major
109501.mp3,D minor
109514.mp3,F major
109515.mp3,D major
109516.mp3,F major
109517.mp3,G major
109518.mp3,G major
109520.mp3,D major
109521.mp3,F major
109522.mp3,B minor
109523.mp3,E major
109634.mp3,D major
109635.mp3,A minor
109671.mp3,F minor
109673.mp3,A major
109674.mp3,E major
109688.mp3,G major
109690.mp3,D# minor
109691.mp3,G major
109717.mp3,C minor
109897.mp3,Bb major
109926.mp3,D minor
109927.mp3,C minor
109929.mp3,F# minor
109930.mp3,F# minor
109932.mp3,C# minor
109933.mp3,D minor
109934.mp3,G# minor
109956.mp3,D major
005045.mp3,Bb major
014739.mp3,E major
018691.mp3,G# major
020934.mp3,A minor
029448.mp3,D major
039055.mp3,C major
062903.mp3,Bb major
091735.mp3,C# minor
103522.mp3,C major
110544.mp3,E minor
110943.mp3,C major
110980.mp3,G major
110981.mp3,E minor
110982.mp3,C major
110983.mp3,B major
111208.mp3,C major
111211.mp3,B minor
111213.mp3,G major
111269.mp3,D minor
111270.mp3,B minor
111271.mp3,E minor
111272.mp3,C major
111273.mp3,E minor
111274.mp3,E minor
111275.mp3,D major
111276.mp3,F# minor
111277.mp3,A minor
111278.mp3,E minor
111279.mp3,D major
111667.mp3,A minor
111902.mp3,E major
111904.mp3,F# minor
111905.mp3,C# minor
111906.mp3,D# minor
111907.mp3,D major
111908.mp3,E minor
111909.mp3,G minor
111910.mp3,C major
111911.mp3,E major
112313.mp3,A major
112314.mp3,C# minor
112315.mp3,F# major
112316.mp3,D minor
112318.mp3,D minor
112352.mp3,E minor
112353.mp3,F major
112355.mp3,G minor
112357.mp3,G minor
112358.mp3,A minor
112359.mp3,E minor
112361.mp3,C minor
112362.mp3,C minor
112363.mp3,G major
112364.mp3,G minor
112369.mp3,G minor
112535.mp3,C minor
112559.mp3,F# minor
112560.mp3,D# minor
112562.mp3,D# minor
112563.mp3,D# minor
112564.mp3,D minor
112565.mp3,C minor
112566.mp3,Bb minor
112567.mp3,C# major
113298.mp3,C major
113326.mp3,C# minor
113327.mp3,B minor
113955.mp3,G minor
114198.mp3,D minor
114200.mp3,D minor
114201.mp3,D minor
114312.mp3,A minor
114322.mp3,D major
114861.mp3,D# minor
115356.mp3,D minor
115357.mp3,A minor
115358.mp3,C minor
115359.mp3,A minor
115361.mp3,A minor
115362.mp3,G minor
115363.mp3,A minor
115364.mp3,C minor
115366.mp3,C minor
115367.mp3,C minor
115368.mp3,C minor
115369.mp3,A minor
115370.mp3,C minor
115371.mp3,C minor
115372.mp3,C major
115373.mp3,C minor
115375.mp3,G minor
115376.mp3,C minor
115377.mp3,C minor
115378.mp3,A minor
115379.mp3,A minor
115380.mp3,C minor
115381.mp3,C minor
115382.mp3,C major
115383.mp3,G minor
115384.mp3,C major
115385.mp3,G minor
115386.mp3,A minor
115387.mp3,G minor
115388.mp3,C major
115389.mp3,F# minor
115391.mp3,F major
115392.mp3,A minor
115663.mp3,E minor
115664.mp3,D# minor
115665.mp3,D major
115666.mp3,D minor
115667.mp3,A major
115668.mp3,G minor
115669.mp3,A minor
115670.mp3,A minor
115671.mp3,C major
115672.mp3,C major
115673.mp3,D major
115674.mp3,G major
115675.mp3,G major
115676.mp3,E minor
115677.mp3,G major
115678.mp3,G major
115679.mp3,D minor
115680.mp3,D minor
115681.mp3,G# minor
116456.mp3,B minor
116549.mp3,C major
116563.mp3,F minor
116565.mp3,G major
116570.mp3,C# minor
116571.mp3,D minor
116574.mp3,F minor
116575.mp3,E minor
116577.mp3,Bb minor
117517.mp3,G major
117519.mp3,C major
117881.mp3,G major
118591.mp3,F major
118592.mp3,C major
118593.mp3,A major
118594.mp3,E minor
118595.mp3,Bb major
118598.mp3,C# minor
118599.mp3,C# minor
119049.mp3,D# major
119050.mp3,F major
119232.mp3,B major
119233.mp3,E major
119234.mp3,F# major
119237.mp3,D major
119238.mp3,D major
119239.mp3,E major
119241.mp3,A major
119242.mp3,G major
119243.mp3,G major
119244.mp3,G major
120424.mp3,Bb major
120425.mp3,G major
120426.mp3,E major
120427.mp3,A major
120428.mp3,G major
120429.mp3,C major
120430.mp3,G# major
120431.mp3,G major
121207.mp3,C major
121208.mp3,A minor
121209.mp3,C minor
121213.mp3,D# minor
121216.mp3,C major
121256.mp3,C# minor
122041.mp3,G minor
122047.mp3,G# minor
122048.mp3,D# minor
122049.mp3,A minor
122050.mp3,F# minor
122464.mp3,F major
122465.mp3,E major
122466.mp3,F# major
122467.mp3,E major
122468.mp3,F# major
122470.mp3,B major
122471.mp3,F minor
122472.mp3,C# minor
122625.mp3,C minor
122628.mp3,C major
122631.mp3,C major
122635.mp3,D minor
122713.mp3,C major
122765.mp3,Bb minor
122767.mp3,C minor
122883.mp3,Bb major
122999.mp3,F# minor
123000.mp3,B minor
123431.mp3,D major
123470.mp3,G major
123563.mp3,G major
123739.mp3,G minor
123741.mp3,G major
123742.mp3,C major
123743.mp3,C# major
123823.mp3,A major
123903.mp3,G# minor
123943.mp3,A major
123944.mp3,Bb major
123945.mp3,E minor
123946.mp3,G minor
123947.mp3,F minor
123951.mp3,C major
123952.mp3,Bb major
123954.mp3,E major
123955.mp3,G major
123958.mp3,G minor
123960.mp3,C major
123961.mp3,A minor
123962.mp3,E minor
123963.mp3,G major
124137.mp3,C major
124184.mp3,C# minor
124185.mp3,C# minor
124186.mp3,C# minor
124523.mp3,C major
124525.mp3,A minor
124526.mp3,D# major
124527.mp3,E minor
124528.mp3,A major
124530.mp3,F minor
124710.mp3,G# minor
124765.mp3,C# minor
124856.mp3,D minor
124864.mp3,B minor
124911.mp3,C minor
